Apache Maven 3.9.16 (2bdd9fddda4b155ebf8000e807eb73fd829a51d5)
Maven home: C:\ProgramData\chocolatey\lib\maven\apache-maven-3.9.16
Java version: 25.0.2, vendor: Oracle Corporation, runtime: C:\Program Files\Java\jdk-25.0.2
Default locale: en_IN, platform encoding: UTF-8
OS name: "windows 11", version: "10.0", arch: "amd64", family: "windows"
[DEBUG] Created new class realm maven.api
[DEBUG] Importing foreign packages into class realm maven.api
[DEBUG]   Imported: javax.annotation.* < plexus.core
[DEBUG]   Imported: javax.annotation.security.* < plexus.core
[DEBUG]   Imported: javax.inject.* < plexus.core
[DEBUG]   Imported: org.apache.maven.* < plexus.core
[DEBUG]   Imported: org.apache.maven.artifact < plexus.core
[DEBUG]   Imported: org.apache.maven.classrealm < plexus.core
[DEBUG]   Imported: org.apache.maven.cli < plexus.core
[DEBUG]   Imported: org.apache.maven.configuration < plexus.core
[DEBUG]   Imported: org.apache.maven.exception < plexus.core
[DEBUG]   Imported: org.apache.maven.execution < plexus.core
[DEBUG]   Imported: org.apache.maven.execution.scope < plexus.core
[DEBUG]   Imported: org.apache.maven.graph < plexus.core
[DEBUG]   Imported: org.apache.maven.lifecycle < plexus.core
[DEBUG]   Imported: org.apache.maven.model < plexus.core
[DEBUG]   Imported: org.apache.maven.monitor < plexus.core
[DEBUG]   Imported: org.apache.maven.plugin < plexus.core
[DEBUG]   Imported: org.apache.maven.profiles < plexus.core
[DEBUG]   Imported: org.apache.maven.project < plexus.core
[DEBUG]   Imported: org.apache.maven.reporting < plexus.core
[DEBUG]   Imported: org.apache.maven.repository < plexus.core
[DEBUG]   Imported: org.apache.maven.rtinfo < plexus.core
[DEBUG]   Imported: org.apache.maven.settings < plexus.core
[DEBUG]   Imported: org.apache.maven.toolchain < plexus.core
[DEBUG]   Imported: org.apache.maven.usability < plexus.core
[DEBUG]   Imported: org.apache.maven.wagon.* < plexus.core
[DEBUG]   Imported: org.apache.maven.wagon.authentication < plexus.core
[DEBUG]   Imported: org.apache.maven.wagon.authorization < plexus.core
[DEBUG]   Imported: org.apache.maven.wagon.events < plexus.core
[DEBUG]   Imported: org.apache.maven.wagon.observers < plexus.core
[DEBUG]   Imported: org.apache.maven.wagon.proxy < plexus.core
[DEBUG]   Imported: org.apache.maven.wagon.repository < plexus.core
[DEBUG]   Imported: org.apache.maven.wagon.resource < plexus.core
[DEBUG]   Imported: org.codehaus.classworlds < plexus.core
[DEBUG]   Imported: org.codehaus.plexus.* < plexus.core
[DEBUG]   Imported: org.codehaus.plexus.classworlds < plexus.core
[DEBUG]   Imported: org.codehaus.plexus.component < plexus.core
[DEBUG]   Imported: org.codehaus.plexus.configuration < plexus.core
[DEBUG]   Imported: org.codehaus.plexus.container < plexus.core
[DEBUG]   Imported: org.codehaus.plexus.context < plexus.core
[DEBUG]   Imported: org.codehaus.plexus.lifecycle < plexus.core
[DEBUG]   Imported: org.codehaus.plexus.logging < plexus.core
[DEBUG]   Imported: org.codehaus.plexus.personality < plexus.core
[DEBUG]   Imported: org.codehaus.plexus.util.xml.Xpp3Dom < plexus.core
[DEBUG]   Imported: org.codehaus.plexus.util.xml.pull.XmlPullParser < plexus.core
[DEBUG]   Imported: org.codehaus.plexus.util.xml.pull.XmlPullParserException < plexus.core
[DEBUG]   Imported: org.codehaus.plexus.util.xml.pull.XmlSerializer < plexus.core
[DEBUG]   Imported: org.eclipse.aether.* < plexus.core
[DEBUG]   Imported: org.eclipse.aether.artifact < plexus.core
[DEBUG]   Imported: org.eclipse.aether.collection < plexus.core
[DEBUG]   Imported: org.eclipse.aether.deployment < plexus.core
[DEBUG]   Imported: org.eclipse.aether.graph < plexus.core
[DEBUG]   Imported: org.eclipse.aether.impl < plexus.core
[DEBUG]   Imported: org.eclipse.aether.installation < plexus.core
[DEBUG]   Imported: org.eclipse.aether.internal.impl < plexus.core
[DEBUG]   Imported: org.eclipse.aether.metadata < plexus.core
[DEBUG]   Imported: org.eclipse.aether.repository < plexus.core
[DEBUG]   Imported: org.eclipse.aether.resolution < plexus.core
[DEBUG]   Imported: org.eclipse.aether.spi < plexus.core
[DEBUG]   Imported: org.eclipse.aether.transfer < plexus.core
[DEBUG]   Imported: org.eclipse.aether.util < plexus.core
[DEBUG]   Imported: org.eclipse.aether.version < plexus.core
[DEBUG]   Imported: org.fusesource.jansi.* < plexus.core
[DEBUG]   Imported: org.slf4j.* < plexus.core
[DEBUG]   Imported: org.slf4j.event.* < plexus.core
[DEBUG]   Imported: org.slf4j.helpers.* < plexus.core
[DEBUG]   Imported: org.slf4j.spi.* < plexus.core
[DEBUG] Populating class realm maven.api
[DEBUG] Created adapter factory; available factories [file-lock, rwlock-local, semaphore-local, noop]; available name mappers [discriminating, file-gaecv, file-gav, file-hgaecv, file-hgav, file-static, gaecv, gav, static]
[INFO] Error stacktraces are turned on.
[DEBUG] Message scheme: color
[DEBUG] Message styles: debug info warning error success failure strong mojo project
[DEBUG] Reading global settings from C:\ProgramData\chocolatey\lib\maven\apache-maven-3.9.16\conf\settings.xml
[DEBUG] Reading user settings from C:\Users\Amulya Dammoju\.m2\settings.xml
[DEBUG] Reading global toolchains from C:\ProgramData\chocolatey\lib\maven\apache-maven-3.9.16\conf\toolchains.xml
[DEBUG] Reading user toolchains from C:\Users\Amulya Dammoju\.m2\toolchains.xml
[DEBUG] Using local repository at C:\Users\Amulya Dammoju\.m2\repository
[DEBUG] Using manager EnhancedLocalRepositoryManager with priority 10.0 for C:\Users\Amulya Dammoju\.m2\repository
[INFO] Scanning for projects...
[DEBUG] Creating adapter using nameMapper 'gaecv' and factory 'rwlock-local'
[DEBUG] Extension realms for project com.kaatha:kaatha-parent:pom:1.0.0-SNAPSHOT: (none)
[DEBUG] Looking up lifecycle mappings for packaging pom from ClassRealm[plexus.core, parent: null]
[DEBUG] Extension realms for project com.kaatha:common-lib:jar:1.0.0-SNAPSHOT: (none)
[DEBUG] Looking up lifecycle mappings for packaging jar from ClassRealm[plexus.core, parent: null]
[DEBUG] Extension realms for project com.example:discovery-service:jar:0.0.1-SNAPSHOT: (none)
[DEBUG] Looking up lifecycle mappings for packaging jar from ClassRealm[plexus.core, parent: null]
[DEBUG] Extension realms for project org.springframework.boot:spring-boot-starter-parent:pom:3.5.15: (none)
[DEBUG] Looking up lifecycle mappings for packaging pom from ClassRealm[plexus.core, parent: null]
[DEBUG] Extension realms for project org.springframework.boot:spring-boot-dependencies:pom:3.5.15: (none)
[DEBUG] Looking up lifecycle mappings for packaging pom from ClassRealm[plexus.core, parent: null]
[DEBUG] Extension realms for project com.kaatha.gateway:api-gateway:jar:0.0.1-SNAPSHOT: (none)
[DEBUG] Looking up lifecycle mappings for packaging jar from ClassRealm[plexus.core, parent: null]
[DEBUG] Extension realms for project org.springframework.boot:spring-boot-starter-parent:pom:3.5.15: (none)
[DEBUG] Looking up lifecycle mappings for packaging pom from ClassRealm[plexus.core, parent: null]
[DEBUG] Extension realms for project org.springframework.boot:spring-boot-dependencies:pom:3.5.15: (none)
[DEBUG] Looking up lifecycle mappings for packaging pom from ClassRealm[plexus.core, parent: null]
[DEBUG] Extension realms for project com.kaatha:auth-service:jar:0.0.1-SNAPSHOT: (none)
[DEBUG] Looking up lifecycle mappings for packaging jar from ClassRealm[plexus.core, parent: null]
[DEBUG] Extension realms for project org.springframework.boot:spring-boot-starter-parent:pom:3.5.15: (none)
[DEBUG] Looking up lifecycle mappings for packaging pom from ClassRealm[plexus.core, parent: null]
[DEBUG] Extension realms for project org.springframework.boot:spring-boot-dependencies:pom:3.5.15: (none)
[DEBUG] Looking up lifecycle mappings for packaging pom from ClassRealm[plexus.core, parent: null]
[DEBUG] Extension realms for project com.kaatha.shopkeeper:shopkeeper-service:jar:0.0.1-SNAPSHOT: (none)
[DEBUG] Looking up lifecycle mappings for packaging jar from ClassRealm[plexus.core, parent: null]
[DEBUG] Extension realms for project org.springframework.boot:spring-boot-starter-parent:pom:3.5.15: (none)
[DEBUG] Looking up lifecycle mappings for packaging pom from ClassRealm[plexus.core, parent: null]
[DEBUG] Extension realms for project org.springframework.boot:spring-boot-dependencies:pom:3.5.15: (none)
[DEBUG] Looking up lifecycle mappings for packaging pom from ClassRealm[plexus.core, parent: null]
[DEBUG] Extension realms for project com.kaatha:customer-service:jar:0.0.1-SNAPSHOT: (none)
[DEBUG] Looking up lifecycle mappings for packaging jar from ClassRealm[plexus.core, parent: null]
[DEBUG] Extension realms for project org.springframework.boot:spring-boot-starter-parent:pom:3.5.15: (none)
[DEBUG] Looking up lifecycle mappings for packaging pom from ClassRealm[plexus.core, parent: null]
[DEBUG] Extension realms for project org.springframework.boot:spring-boot-dependencies:pom:3.5.15: (none)
[DEBUG] Looking up lifecycle mappings for packaging pom from ClassRealm[plexus.core, parent: null]
[DEBUG] Extension realms for project com.kaatha:item-service:jar:0.0.1-SNAPSHOT: (none)
[DEBUG] Looking up lifecycle mappings for packaging jar from ClassRealm[plexus.core, parent: null]
[DEBUG] Extension realms for project org.springframework.boot:spring-boot-starter-parent:pom:3.5.15: (none)
[DEBUG] Looking up lifecycle mappings for packaging pom from ClassRealm[plexus.core, parent: null]
[DEBUG] Extension realms for project org.springframework.boot:spring-boot-dependencies:pom:3.5.15: (none)
[DEBUG] Looking up lifecycle mappings for packaging pom from ClassRealm[plexus.core, parent: null]
[DEBUG] Extension realms for project com.kaatha:ledger-service:jar:0.0.1-SNAPSHOT: (none)
[DEBUG] Looking up lifecycle mappings for packaging jar from ClassRealm[plexus.core, parent: null]
[DEBUG] Extension realms for project org.springframework.boot:spring-boot-starter-parent:pom:3.5.15: (none)
[DEBUG] Looking up lifecycle mappings for packaging pom from ClassRealm[plexus.core, parent: null]
[DEBUG] Extension realms for project org.springframework.boot:spring-boot-dependencies:pom:3.5.15: (none)
[DEBUG] Looking up lifecycle mappings for packaging pom from ClassRealm[plexus.core, parent: null]
[DEBUG] Extension realms for project com.kaatha:transaction-service:jar:0.0.1-SNAPSHOT: (none)
[DEBUG] Looking up lifecycle mappings for packaging jar from ClassRealm[plexus.core, parent: null]
[DEBUG] Extension realms for project org.springframework.boot:spring-boot-starter-parent:pom:3.5.15: (none)
[DEBUG] Looking up lifecycle mappings for packaging pom from ClassRealm[plexus.core, parent: null]
[DEBUG] Extension realms for project org.springframework.boot:spring-boot-dependencies:pom:3.5.15: (none)
[DEBUG] Looking up lifecycle mappings for packaging pom from ClassRealm[plexus.core, parent: null]
[DEBUG] Extension realms for project com.kaatha:notification-service:jar:0.0.1-SNAPSHOT: (none)
[DEBUG] Looking up lifecycle mappings for packaging jar from ClassRealm[plexus.core, parent: null]
[DEBUG] Extension realms for project org.springframework.boot:spring-boot-starter-parent:pom:3.5.15: (none)
[DEBUG] Looking up lifecycle mappings for packaging pom from ClassRealm[plexus.core, parent: null]
[DEBUG] Extension realms for project org.springframework.boot:spring-boot-dependencies:pom:3.5.15: (none)
[DEBUG] Looking up lifecycle mappings for packaging pom from ClassRealm[plexus.core, parent: null]
[DEBUG] Extension realms for project com.kaatha:payment-service:jar:0.0.1-SNAPSHOT: (none)
[DEBUG] Looking up lifecycle mappings for packaging jar from ClassRealm[plexus.core, parent: null]
[DEBUG] Extension realms for project org.springframework.boot:spring-boot-starter-parent:pom:3.5.15: (none)
[DEBUG] Looking up lifecycle mappings for packaging pom from ClassRealm[plexus.core, parent: null]
[DEBUG] Extension realms for project org.springframework.boot:spring-boot-dependencies:pom:3.5.15: (none)
[DEBUG] Looking up lifecycle mappings for packaging pom from ClassRealm[plexus.core, parent: null]
[DEBUG] Extension realms for project com.kaatha:invoice-service:jar:0.0.1-SNAPSHOT: (none)
[DEBUG] Looking up lifecycle mappings for packaging jar from ClassRealm[plexus.core, parent: null]
[DEBUG] Extension realms for project org.springframework.boot:spring-boot-starter-parent:pom:3.5.15: (none)
[DEBUG] Looking up lifecycle mappings for packaging pom from ClassRealm[plexus.core, parent: null]
[DEBUG] Extension realms for project org.springframework.boot:spring-boot-dependencies:pom:3.5.15: (none)
[DEBUG] Looking up lifecycle mappings for packaging pom from ClassRealm[plexus.core, parent: null]
[DEBUG] Extension realms for project com.kaatha:report-service:jar:0.0.1-SNAPSHOT: (none)
[DEBUG] Looking up lifecycle mappings for packaging jar from ClassRealm[plexus.core, parent: null]
[DEBUG] Extension realms for project org.springframework.boot:spring-boot-starter-parent:pom:3.5.15: (none)
[DEBUG] Looking up lifecycle mappings for packaging pom from ClassRealm[plexus.core, parent: null]
[DEBUG] Extension realms for project org.springframework.boot:spring-boot-dependencies:pom:3.5.15: (none)
[DEBUG] Looking up lifecycle mappings for packaging pom from ClassRealm[plexus.core, parent: null]
[DEBUG] === REACTOR BUILD PLAN ================================================
[DEBUG] Project: com.kaatha:auth-service:jar:0.0.1-SNAPSHOT
[DEBUG] Tasks:   [compile]
[DEBUG] Style:   Regular
[DEBUG] =======================================================================
[INFO] 
[INFO] ----------------------< com.kaatha:auth-service >-----------------------
[INFO] Building auth-service 0.0.1-SNAPSHOT
[INFO]   from pom.xml
[INFO] --------------------------------[ jar ]---------------------------------
[DEBUG] Lifecycle clean -> [pre-clean, clean, post-clean]
[DEBUG] Lifecycle default -> [validate, initialize, generate-sources, process-sources, generate-resources, process-resources, compile, process-classes, generate-test-sources, process-test-sources, generate-test-resources, process-test-resources, test-compile, process-test-classes, test, prepare-package, package, pre-integration-test, integration-test, post-integration-test, verify, install, deploy]
[DEBUG] Lifecycle site -> [pre-site, site, post-site, site-deploy]
[DEBUG] Lifecycle clean -> [pre-clean, clean, post-clean]
[DEBUG] Lifecycle default -> [validate, initialize, generate-sources, process-sources, generate-resources, process-resources, compile, process-classes, generate-test-sources, process-test-sources, generate-test-resources, process-test-resources, test-compile, process-test-classes, test, prepare-package, package, pre-integration-test, integration-test, post-integration-test, verify, install, deploy]
[DEBUG] Lifecycle site -> [pre-site, site, post-site, site-deploy]
[DEBUG] Lifecycle clean -> [pre-clean, clean, post-clean]
[DEBUG] Lifecycle default -> [validate, initialize, generate-sources, process-sources, generate-resources, process-resources, compile, process-classes, generate-test-sources, process-test-sources, generate-test-resources, process-test-resources, test-compile, process-test-classes, test, prepare-package, package, pre-integration-test, integration-test, post-integration-test, verify, install, deploy]
[DEBUG] Lifecycle site -> [pre-site, site, post-site, site-deploy]
[DEBUG] === PROJECT BUILD PLAN ================================================
[DEBUG] Project:       com.kaatha:auth-service:0.0.1-SNAPSHOT
[DEBUG] Dependencies (collect): []
[DEBUG] Dependencies (resolve): [compile]
[DEBUG] Repositories (dependencies): [central (https://repo.maven.apache.org/maven2, default, releases)]
[DEBUG] Repositories (plugins)     : [central (https://repo.maven.apache.org/maven2, default, releases)]
[DEBUG] -----------------------------------------------------------------------
[DEBUG] Goal:          org.apache.maven.plugins:maven-resources-plugin:3.3.1:resources (default-resources)
[DEBUG] Style:         Regular
[DEBUG] Configuration: <?xml version="1.0" encoding="UTF-8"?>
<configuration>
  <addDefaultExcludes default-value="true"/>
  <buildFilters default-value="${project.build.filters}"/>
  <delimiters>
    <delimiter>@</delimiter>
  </delimiters>
  <encoding default-value="${project.build.sourceEncoding}"/>
  <escapeWindowsPaths default-value="true"/>
  <fileNameFiltering default-value="false"/>
  <includeEmptyDirs default-value="false"/>
  <outputDirectory default-value="${project.build.outputDirectory}"/>
  <overwrite default-value="false"/>
  <project default-value="${project}"/>
  <propertiesEncoding>UTF-8</propertiesEncoding>
  <resources default-value="${project.resources}"/>
  <session default-value="${session}"/>
  <skip default-value="false">${maven.resources.skip}</skip>
  <supportMultiLineFiltering default-value="false"/>
  <useBuildFilters default-value="true"/>
  <useDefaultDelimiters default-value="true">false</useDefaultDelimiters>
</configuration>
[DEBUG] -----------------------------------------------------------------------
[DEBUG] Goal:          org.apache.maven.plugins:maven-compiler-plugin:3.14.1:compile (default-compile)
[DEBUG] Style:         Regular
[DEBUG] Configuration: <?xml version="1.0" encoding="UTF-8"?>
<configuration>
  <annotationProcessorPathsUseDepMgmt default-value="false"/>
  <basedir default-value="${basedir}"/>
  <buildDirectory default-value="${project.build.directory}"/>
  <compilePath default-value="${project.compileClasspathElements}"/>
  <compileSourceRoots default-value="${project.compileSourceRoots}"/>
  <compilerId default-value="javac">${maven.compiler.compilerId}</compilerId>
  <compilerReuseStrategy default-value="${reuseCreated}">${maven.compiler.compilerReuseStrategy}</compilerReuseStrategy>
  <compilerVersion>${maven.compiler.compilerVersion}</compilerVersion>
  <createMissingPackageInfoClass default-value="true">${maven.compiler.createMissingPackageInfoClass}</createMissingPackageInfoClass>
  <debug default-value="true">${maven.compiler.debug}</debug>
  <debugFileName default-value="javac"/>
  <debuglevel>${maven.compiler.debuglevel}</debuglevel>
  <enablePreview default-value="false">${maven.compiler.enablePreview}</enablePreview>
  <encoding default-value="${project.build.sourceEncoding}">${encoding}</encoding>
  <executable>${maven.compiler.executable}</executable>
  <failOnError default-value="true">${maven.compiler.failOnError}</failOnError>
  <failOnWarning default-value="false">${maven.compiler.failOnWarning}</failOnWarning>
  <fileExtensions default-value="class,jar"/>
  <forceJavacCompilerUse default-value="false">${maven.compiler.forceJavacCompilerUse}</forceJavacCompilerUse>
  <forceLegacyJavacApi default-value="false">${maven.compiler.forceLegacyJavacApi}</forceLegacyJavacApi>
  <fork default-value="false">${maven.compiler.fork}</fork>
  <generatedSourcesDirectory default-value="${project.build.directory}/generated-sources/annotations"/>
  <implicit>${maven.compiler.implicit}</implicit>
  <maxmem>${maven.compiler.maxmem}</maxmem>
  <meminitial>${maven.compiler.meminitial}</meminitial>
  <moduleVersion default-value="${project.version}">${maven.compiler.moduleVersion}</moduleVersion>
  <mojoExecution default-value="${mojoExecution}"/>
  <optimize default-value="false">${maven.compiler.optimize}</optimize>
  <outputDirectory default-value="${project.build.outputDirectory}">${maven.compiler.outputDirectory}</outputDirectory>
  <outputTimestamp default-value="${project.build.outputTimestamp}"/>
  <parameters default-value="false">true</parameters>
  <proc>${maven.compiler.proc}</proc>
  <project default-value="${project}"/>
  <projectArtifact default-value="${project.artifact}"/>
  <release>${maven.compiler.release}</release>
  <session default-value="${session}"/>
  <showCompilationChanges default-value="false">${maven.compiler.showCompilationChanges}</showCompilationChanges>
  <showDeprecation default-value="false">${maven.compiler.showDeprecation}</showDeprecation>
  <showWarnings default-value="true">${maven.compiler.showWarnings}</showWarnings>
  <skipMain>${maven.main.skip}</skipMain>
  <skipMultiThreadWarning default-value="false">${maven.compiler.skipMultiThreadWarning}</skipMultiThreadWarning>
  <source default-value="1.8">${maven.compiler.source}</source>
  <staleMillis default-value="0">${lastModGranularityMs}</staleMillis>
  <target default-value="1.8">${maven.compiler.target}</target>
  <useIncrementalCompilation default-value="true">${maven.compiler.useIncrementalCompilation}</useIncrementalCompilation>
  <useModuleVersion default-value="true">${maven.compiler.useModuleVersion}</useModuleVersion>
  <verbose default-value="false">${maven.compiler.verbose}</verbose>
</configuration>
[DEBUG] =======================================================================
[DEBUG] Using mirror maven-default-http-blocker (http://0.0.0.0/) for apache.snapshots (http://repository.apache.org/snapshots).
[DEBUG] Using mirror maven-default-http-blocker (http://0.0.0.0/) for apache.snapshots (http://people.apache.org/repo/m2-snapshot-repository).
[DEBUG] Using mirror maven-default-http-blocker (http://0.0.0.0/) for vaadin-snapshots (http://oss.sonatype.org/content/repositories/vaadin-snapshots/).
[DEBUG] Using mirror maven-default-http-blocker (http://0.0.0.0/) for vaadin-releases (http://oss.sonatype.org/content/repositories/vaadin-releases/).
[DEBUG] Dependency collection stats {ConflictMarker.analyzeTime=3034100, ConflictMarker.markTime=642100, ConflictMarker.nodeCount=399, ConflictIdSorter.graphTime=1543400, ConflictIdSorter.topsortTime=866200, ConflictIdSorter.conflictIdCount=170, ConflictIdSorter.conflictIdCycleCount=0, ConflictResolver.totalTime=24278300, ConflictResolver.conflictItemCount=352, DfDependencyCollector.collectTime=1423365700, DfDependencyCollector.transformTime=34211600}
[DEBUG] com.kaatha:auth-service:jar:0.0.1-SNAPSHOT
[DEBUG]    org.springframework.boot:spring-boot-starter-actuator:jar:3.5.15:compile
[DEBUG]       org.springframework.boot:spring-boot-starter:jar:3.5.15:compile (version managed from 3.5.15)
[DEBUG]          org.springframework.boot:spring-boot-starter-logging:jar:3.5.15:compile (version managed from 3.5.15)
[DEBUG]             ch.qos.logback:logback-classic:jar:1.5.34:compile (version managed from 1.5.34)
[DEBUG]                ch.qos.logback:logback-core:jar:1.5.34:compile (version managed from 1.5.34)
[DEBUG]             org.apache.logging.log4j:log4j-to-slf4j:jar:2.24.3:compile (version managed from 2.24.3)
[DEBUG]                org.apache.logging.log4j:log4j-api:jar:2.24.3:compile (version managed from 2.24.3)
[DEBUG]             org.slf4j:jul-to-slf4j:jar:2.0.18:compile (version managed from 2.0.18)
[DEBUG]          jakarta.annotation:jakarta.annotation-api:jar:2.1.1:compile (version managed from 2.1.1)
[DEBUG]          org.yaml:snakeyaml:jar:2.4:compile (version managed from 2.4)
[DEBUG]       org.springframework.boot:spring-boot-actuator-autoconfigure:jar:3.5.15:compile (version managed from 3.5.15)
[DEBUG]          org.springframework.boot:spring-boot-actuator:jar:3.5.15:compile (version managed from 3.5.15)
[DEBUG]          com.fasterxml.jackson.datatype:jackson-datatype-jsr310:jar:2.21.4:compile (version managed from 2.21.4)
[DEBUG]       io.micrometer:micrometer-observation:jar:1.15.12:compile (version managed from 1.15.12)
[DEBUG]          io.micrometer:micrometer-commons:jar:1.15.12:compile (version managed from 1.15.12)
[DEBUG]       io.micrometer:micrometer-jakarta9:jar:1.15.12:compile (version managed from 1.15.12)
[DEBUG]          io.micrometer:micrometer-core:jar:1.15.12:compile (version managed from 1.15.12)
[DEBUG]             org.hdrhistogram:HdrHistogram:jar:2.2.2:runtime
[DEBUG]             org.latencyutils:LatencyUtils:jar:2.0.3:runtime
[DEBUG]    org.springframework.boot:spring-boot-starter-data-jpa:jar:3.5.15:compile
[DEBUG]       org.springframework.boot:spring-boot-starter-jdbc:jar:3.5.15:compile (version managed from 3.5.15)
[DEBUG]          com.zaxxer:HikariCP:jar:6.3.3:compile (version managed from 6.3.3)
[DEBUG]          org.springframework:spring-jdbc:jar:6.2.19:compile (version managed from 6.2.19)
[DEBUG]       org.hibernate.orm:hibernate-core:jar:6.6.53.Final:compile (version managed from 6.6.53.Final)
[DEBUG]          jakarta.persistence:jakarta.persistence-api:jar:3.1.0:compile (version managed from 3.1.0)
[DEBUG]          jakarta.transaction:jakarta.transaction-api:jar:2.0.1:compile (version managed from 2.0.1)
[DEBUG]          org.jboss.logging:jboss-logging:jar:3.6.3.Final:compile (version managed from 3.5.0.Final)
[DEBUG]          org.hibernate.common:hibernate-commons-annotations:jar:7.0.3.Final:runtime
[DEBUG]          io.smallrye:jandex:jar:3.2.0:runtime
[DEBUG]          com.fasterxml:classmate:jar:1.7.3:compile (version managed from 1.5.1)
[DEBUG]          net.bytebuddy:byte-buddy:jar:1.17.8:runtime (version managed from 1.17.8)
[DEBUG]          org.glassfish.jaxb:jaxb-runtime:jar:4.0.9:runtime (version managed from 4.0.2)
[DEBUG]             org.glassfish.jaxb:jaxb-core:jar:4.0.9:runtime (version managed from 4.0.9)
[DEBUG]                org.eclipse.angus:angus-activation:jar:2.0.3:runtime (version managed from 2.0.3)
[DEBUG]                org.glassfish.jaxb:txw2:jar:4.0.9:runtime (version managed from 4.0.9)
[DEBUG]                com.sun.istack:istack-commons-runtime:jar:4.1.2:runtime (version managed from 4.1.2)
[DEBUG]          jakarta.inject:jakarta.inject-api:jar:2.0.1:compile (version managed from 2.0.1)
[DEBUG]          org.antlr:antlr4-runtime:jar:4.13.2:compile
[DEBUG]       org.springframework.data:spring-data-jpa:jar:3.5.12:compile (version managed from 3.5.12)
[DEBUG]          org.springframework.data:spring-data-commons:jar:3.5.12:compile (version managed from 3.5.12)
[DEBUG]          org.springframework:spring-orm:jar:6.2.19:compile (version managed from 6.2.19)
[DEBUG]          org.springframework:spring-context:jar:6.2.19:compile (version managed from 6.2.19)
[DEBUG]          org.springframework:spring-tx:jar:6.2.19:compile (version managed from 6.2.19)
[DEBUG]          org.springframework:spring-beans:jar:6.2.19:compile (version managed from 6.2.19)
[DEBUG]          org.slf4j:slf4j-api:jar:2.0.18:compile (version managed from 2.0.18)
[DEBUG]       org.springframework:spring-aspects:jar:6.2.19:compile (version managed from 6.2.19)
[DEBUG]          org.aspectj:aspectjweaver:jar:1.9.25.1:compile (version managed from 1.9.22.1)
[DEBUG]    org.springframework.boot:spring-boot-starter-security:jar:3.5.15:compile
[DEBUG]       org.springframework:spring-aop:jar:6.2.19:compile (version managed from 6.2.19)
[DEBUG]       org.springframework.security:spring-security-config:jar:6.5.11:compile (version managed from 6.5.11)
[DEBUG]       org.springframework.security:spring-security-web:jar:6.5.11:compile (version managed from 6.5.11)
[DEBUG]          org.springframework:spring-expression:jar:6.2.19:compile (version managed from 6.2.19)
[DEBUG]    org.springframework.boot:spring-boot-starter-validation:jar:3.5.15:compile
[DEBUG]       org.apache.tomcat.embed:tomcat-embed-el:jar:10.1.55:compile (version managed from 10.1.55)
[DEBUG]       org.hibernate.validator:hibernate-validator:jar:8.0.3.Final:compile (version managed from 8.0.3.Final)
[DEBUG]          jakarta.validation:jakarta.validation-api:jar:3.0.2:compile (version managed from 3.0.2)
[DEBUG]    org.springframework.cloud:spring-cloud-starter-openfeign:jar:4.3.3:compile
[DEBUG]       org.springframework.cloud:spring-cloud-starter:jar:4.3.3:compile (version managed from 4.3.3)
[DEBUG]          org.springframework.cloud:spring-cloud-context:jar:4.3.3:compile (version managed from 4.3.3)
[DEBUG]          org.bouncycastle:bcprov-jdk18on:jar:1.80.2:compile
[DEBUG]       org.springframework.cloud:spring-cloud-openfeign-core:jar:4.3.3:compile (version managed from 4.3.3)
[DEBUG]          io.github.openfeign:feign-form-spring:jar:13.6.1:compile (version managed from 13.6.1)
[DEBUG]             org.apache.commons:commons-text:jar:1.13.0:compile
[DEBUG]                org.apache.commons:commons-lang3:jar:3.17.0:compile (version managed from 3.17.0)
[DEBUG]             io.github.openfeign:feign-form:jar:13.6.1:compile (version managed from 13.6.1)
[DEBUG]             commons-fileupload:commons-fileupload:jar:1.6.0:compile
[DEBUG]       org.springframework:spring-web:jar:6.2.19:compile (version managed from 6.2.19)
[DEBUG]       org.springframework.cloud:spring-cloud-commons:jar:4.3.3:compile (version managed from 4.3.3)
[DEBUG]          org.springframework.security:spring-security-crypto:jar:6.5.11:compile (version managed from 6.5.11)
[DEBUG]       io.github.openfeign:feign-core:jar:13.6.1:compile (version managed from 13.6.1)
[DEBUG]       io.github.openfeign:feign-slf4j:jar:13.6.1:compile (version managed from 13.6.1)
[DEBUG]    org.springframework.boot:spring-boot-starter-web:jar:3.5.15:compile
[DEBUG]       org.springframework.boot:spring-boot-starter-json:jar:3.5.15:compile (version managed from 3.5.15)
[DEBUG]          com.fasterxml.jackson.datatype:jackson-datatype-jdk8:jar:2.21.4:compile (version managed from 2.21.4)
[DEBUG]          com.fasterxml.jackson.module:jackson-module-parameter-names:jar:2.21.4:compile (version managed from 2.21.4)
[DEBUG]       org.springframework.boot:spring-boot-starter-tomcat:jar:3.5.15:compile (version managed from 3.5.15)
[DEBUG]          org.apache.tomcat.embed:tomcat-embed-core:jar:10.1.55:compile (version managed from 10.1.55)
[DEBUG]          org.apache.tomcat.embed:tomcat-embed-websocket:jar:10.1.55:compile (version managed from 10.1.55)
[DEBUG]       org.springframework:spring-webmvc:jar:6.2.19:compile (version managed from 6.2.19)
[DEBUG]    org.springframework.cloud:spring-cloud-starter-netflix-eureka-client:jar:4.3.3:compile
[DEBUG]       org.springframework.cloud:spring-cloud-netflix-eureka-client:jar:4.3.3:compile (version managed from 4.3.3)
[DEBUG]          org.apache.httpcomponents.client5:httpclient5:jar:5.5.2:compile (version managed from 5.5.2)
[DEBUG]             org.apache.httpcomponents.core5:httpcore5:jar:5.3.6:compile (version managed from 5.3.6)
[DEBUG]             org.apache.httpcomponents.core5:httpcore5-h2:jar:5.3.6:compile (version managed from 5.3.6)
[DEBUG]       com.netflix.eureka:eureka-client:jar:2.0.6:compile (version managed from 2.0.6) (exclusions managed from [com.sun.jersey:jersey-client:*:*, com.sun.jersey:jersey-core:*:*, com.sun.jersey.contribs:jersey-apache-client4:*:*, aopalliance:aopalliance:*:*])
[DEBUG]          com.thoughtworks.xstream:xstream:jar:1.4.21:compile
[DEBUG]             io.github.x-stream:mxparser:jar:1.2.2:compile
[DEBUG]                xmlpull:xmlpull:jar:1.1.3.1:compile
[DEBUG]          jakarta.ws.rs:jakarta.ws.rs-api:jar:3.1.0:compile (version managed from 3.0.0)
[DEBUG]          com.netflix.spectator:spectator-api:jar:1.7.3:compile
[DEBUG]          org.apache.httpcomponents:httpclient:jar:4.5.3:compile
[DEBUG]             org.apache.httpcomponents:httpcore:jar:4.4.16:compile (version managed from 4.4.6)
[DEBUG]             commons-codec:commons-codec:jar:1.18.0:compile (version managed from 1.9)
[DEBUG]          com.fasterxml.jackson.core:jackson-annotations:jar:2.21:compile (version managed from 2.13.5)
[DEBUG]          com.fasterxml.jackson.core:jackson-core:jar:2.21.4:compile (version managed from 2.13.5)
[DEBUG]          com.netflix.netflix-commons:netflix-eventbus:jar:0.3.0:runtime
[DEBUG]             com.netflix.netflix-commons:netflix-infix:jar:0.3.0:runtime
[DEBUG]                commons-jxpath:commons-jxpath:jar:1.3:runtime
[DEBUG]                joda-time:joda-time:jar:2.3:runtime
[DEBUG]                org.antlr:antlr-runtime:jar:3.4:runtime
[DEBUG]                   org.antlr:stringtemplate:jar:3.2.1:runtime
[DEBUG]                   antlr:antlr:jar:2.7.7:runtime
[DEBUG]                com.google.code.gson:gson:jar:2.13.2:runtime (version managed from 2.1)
[DEBUG]                   com.google.errorprone:error_prone_annotations:jar:2.41.0:runtime
[DEBUG]             com.netflix.servo:servo-core:jar:0.5.3:runtime
[DEBUG]             org.apache.commons:commons-math:jar:2.2:runtime
[DEBUG]          javax.annotation:javax.annotation-api:jar:1.2:runtime
[DEBUG]          org.codehaus.jettison:jettison:jar:1.5.4:runtime
[DEBUG]       org.springframework.cloud:spring-cloud-starter-loadbalancer:jar:4.3.3:compile (version managed from 4.3.3)
[DEBUG]          org.springframework.cloud:spring-cloud-loadbalancer:jar:4.3.3:compile (version managed from 4.3.3)
[DEBUG]             io.projectreactor.addons:reactor-extra:jar:3.5.5:compile (version managed from 3.5.5)
[DEBUG]          org.springframework.boot:spring-boot-starter-cache:jar:3.5.15:compile (version managed from 3.5.15)
[DEBUG]          com.stoyanr:evictor:jar:1.0.0:compile
[DEBUG]    org.springframework.boot:spring-boot-devtools:jar:3.5.15:runtime (optional)
[DEBUG]       org.springframework.boot:spring-boot:jar:3.5.15:compile (version managed from 3.5.15)
[DEBUG]       org.springframework.boot:spring-boot-autoconfigure:jar:3.5.15:compile (version managed from 3.5.15)
[DEBUG]    com.mysql:mysql-connector-j:jar:9.7.0:runtime (exclusions managed from [com.google.protobuf:protobuf-java:*:*])
[DEBUG]    org.springframework.boot:spring-boot-starter-test:jar:3.5.15:test
[DEBUG]       org.springframework.boot:spring-boot-test:jar:3.5.15:test (version managed from 3.5.15)
[DEBUG]       org.springframework.boot:spring-boot-test-autoconfigure:jar:3.5.15:test (version managed from 3.5.15)
[DEBUG]       com.jayway.jsonpath:json-path:jar:2.9.0:test (version managed from 2.9.0)
[DEBUG]       jakarta.xml.bind:jakarta.xml.bind-api:jar:4.0.5:runtime (version managed from 4.0.5)
[DEBUG]          jakarta.activation:jakarta.activation-api:jar:2.1.4:runtime (version managed from 2.1.4)
[DEBUG]       net.minidev:json-smart:jar:2.5.2:test (version managed from 2.5.2)
[DEBUG]          net.minidev:accessors-smart:jar:2.5.2:test
[DEBUG]             org.ow2.asm:asm:jar:9.7.1:test
[DEBUG]       org.assertj:assertj-core:jar:3.27.7:test (version managed from 3.27.7)
[DEBUG]       org.awaitility:awaitility:jar:4.2.2:test (version managed from 4.2.2)
[DEBUG]       org.hamcrest:hamcrest:jar:3.0:test (version managed from 3.0)
[DEBUG]       org.junit.jupiter:junit-jupiter:jar:5.12.2:test (version managed from 5.12.2)
[DEBUG]          org.junit.jupiter:junit-jupiter-api:jar:5.12.2:test (version managed from 5.12.2)
[DEBUG]             org.opentest4j:opentest4j:jar:1.3.0:test
[DEBUG]             org.junit.platform:junit-platform-commons:jar:1.12.2:test (version managed from 1.12.2)
[DEBUG]             org.apiguardian:apiguardian-api:jar:1.1.2:test
[DEBUG]          org.junit.jupiter:junit-jupiter-params:jar:5.12.2:test (version managed from 5.12.2)
[DEBUG]          org.junit.jupiter:junit-jupiter-engine:jar:5.12.2:test (version managed from 5.12.2)
[DEBUG]             org.junit.platform:junit-platform-engine:jar:1.12.2:test (version managed from 1.12.2)
[DEBUG]       org.mockito:mockito-core:jar:5.17.0:test (version managed from 5.17.0)
[DEBUG]          net.bytebuddy:byte-buddy-agent:jar:1.17.8:test (version managed from 1.15.11)
[DEBUG]          org.objenesis:objenesis:jar:3.3:test
[DEBUG]       org.mockito:mockito-junit-jupiter:jar:5.17.0:test (version managed from 5.17.0)
[DEBUG]       org.skyscreamer:jsonassert:jar:1.5.3:test (version managed from 1.5.3)
[DEBUG]          com.vaadin.external.google:android-json:jar:0.0.20131108.vaadin1:test
[DEBUG]       org.springframework:spring-core:jar:6.2.19:compile (version managed from 6.2.19)
[DEBUG]          org.springframework:spring-jcl:jar:6.2.19:compile (version managed from 6.2.19)
[DEBUG]       org.springframework:spring-test:jar:6.2.19:test (version managed from 6.2.19)
[DEBUG]       org.xmlunit:xmlunit-core:jar:2.10.4:test (version managed from 2.10.4)
[DEBUG]    org.springframework.security:spring-security-test:jar:6.5.11:test
[DEBUG]       org.springframework.security:spring-security-core:jar:6.5.11:compile (version managed from 6.5.11)
[DEBUG]    org.projectlombok:lombok:jar:1.18.46:compile (optional)
[DEBUG]    org.springframework.boot:spring-boot-starter-data-redis:jar:3.5.15:compile
[DEBUG]       io.lettuce:lettuce-core:jar:6.6.0.RELEASE:compile (version managed from 6.6.0.RELEASE)
[DEBUG]          redis.clients.authentication:redis-authx-core:jar:0.1.1-beta2:compile
[DEBUG]          io.netty:netty-common:jar:4.1.135.Final:compile (version managed from 4.1.118.Final)
[DEBUG]          io.netty:netty-handler:jar:4.1.135.Final:compile (version managed from 4.1.118.Final)
[DEBUG]             io.netty:netty-resolver:jar:4.1.135.Final:compile (version managed from 4.1.135.Final)
[DEBUG]             io.netty:netty-buffer:jar:4.1.135.Final:compile (version managed from 4.1.135.Final)
[DEBUG]             io.netty:netty-transport-native-unix-common:jar:4.1.135.Final:compile (version managed from 4.1.135.Final)
[DEBUG]             io.netty:netty-codec:jar:4.1.135.Final:compile (version managed from 4.1.135.Final)
[DEBUG]          io.netty:netty-transport:jar:4.1.135.Final:compile (version managed from 4.1.118.Final)
[DEBUG]          io.projectreactor:reactor-core:jar:3.7.19:compile (version managed from 3.6.6)
[DEBUG]             org.reactivestreams:reactive-streams:jar:1.0.4:compile (version managed from 1.0.4)
[DEBUG]       org.springframework.data:spring-data-redis:jar:3.5.12:compile (version managed from 3.5.12)
[DEBUG]          org.springframework.data:spring-data-keyvalue:jar:3.5.12:compile (version managed from 3.5.12)
[DEBUG]          org.springframework:spring-oxm:jar:6.2.19:compile (version managed from 6.2.19)
[DEBUG]          org.springframework:spring-context-support:jar:6.2.19:compile (version managed from 6.2.19)
[DEBUG]    io.jsonwebtoken:jjwt-api:jar:0.12.5:compile
[DEBUG]    io.jsonwebtoken:jjwt-impl:jar:0.12.5:runtime
[DEBUG]    io.jsonwebtoken:jjwt-jackson:jar:0.12.5:runtime
[DEBUG]       com.fasterxml.jackson.core:jackson-databind:jar:2.21.4:compile (version managed from 2.12.7.1)
[INFO] 
[INFO] --- resources:3.3.1:resources (default-resources) @ auth-service ---
[DEBUG] Dependency collection stats {ConflictMarker.analyzeTime=176500, ConflictMarker.markTime=41000, ConflictMarker.nodeCount=13, ConflictIdSorter.graphTime=118500, ConflictIdSorter.topsortTime=30900, ConflictIdSorter.conflictIdCount=9, ConflictIdSorter.conflictIdCycleCount=0, ConflictResolver.totalTime=410300, ConflictResolver.conflictItemCount=13, DfDependencyCollector.collectTime=110485000, DfDependencyCollector.transformTime=807800}
[DEBUG] org.apache.maven.plugins:maven-resources-plugin:jar:3.3.1
[DEBUG]    org.codehaus.plexus:plexus-interpolation:jar:1.26:runtime
[DEBUG]    org.codehaus.plexus:plexus-utils:jar:3.5.1:compile
[DEBUG]    org.apache.maven.shared:maven-filtering:jar:3.3.1:compile
[DEBUG]       javax.inject:javax.inject:jar:1:compile
[DEBUG]       org.slf4j:slf4j-api:jar:1.7.36:compile
[DEBUG]       org.sonatype.plexus:plexus-build-api:jar:0.0.7:compile
[DEBUG]    commons-io:commons-io:jar:2.11.0:compile
[DEBUG]    org.apache.commons:commons-lang3:jar:3.12.0:compile
[DEBUG] Created new class realm plugin>org.apache.maven.plugins:maven-resources-plugin:3.3.1
[DEBUG] Importing foreign packages into class realm plugin>org.apache.maven.plugins:maven-resources-plugin:3.3.1
[DEBUG]   Imported:  < maven.api
[DEBUG] Populating class realm plugin>org.apache.maven.plugins:maven-resources-plugin:3.3.1
[DEBUG]   Included: org.apache.maven.plugins:maven-resources-plugin:jar:3.3.1
[DEBUG]   Included: org.codehaus.plexus:plexus-interpolation:jar:1.26
[DEBUG]   Included: org.codehaus.plexus:plexus-utils:jar:3.5.1
[DEBUG]   Included: org.apache.maven.shared:maven-filtering:jar:3.3.1
[DEBUG]   Included: org.sonatype.plexus:plexus-build-api:jar:0.0.7
[DEBUG]   Included: commons-io:commons-io:jar:2.11.0
[DEBUG]   Included: org.apache.commons:commons-lang3:jar:3.12.0
[DEBUG] Loading mojo org.apache.maven.plugins:maven-resources-plugin:3.3.1:resources from plugin realm ClassRealm[plugin>org.apache.maven.plugins:maven-resources-plugin:3.3.1, parent: jdk.internal.loader.ClassLoaders$AppClassLoader@5bc2b487]
[DEBUG] Configuring mojo execution 'org.apache.maven.plugins:maven-resources-plugin:3.3.1:resources:default-resources' with basic configurator -->
[DEBUG]   (f) addDefaultExcludes = true
[DEBUG]   (f) buildFilters = []
[DEBUG]   (s) delimiters = [@]
[DEBUG]   (f) encoding = UTF-8
[DEBUG]   (f) escapeWindowsPaths = true
[DEBUG]   (f) fileNameFiltering = false
[DEBUG]   (s) includeEmptyDirs = false
[DEBUG]   (s) outputDirectory = C:\Users\Amulya Dammoju\OneDrive\Desktop\sohan_git\auth-service\target\classes
[DEBUG]   (s) overwrite = false
[DEBUG]   (f) project = MavenProject: com.kaatha:auth-service:0.0.1-SNAPSHOT @ C:\Users\Amulya Dammoju\OneDrive\Desktop\sohan_git\auth-service\pom.xml
[DEBUG]   (f) propertiesEncoding = UTF-8
[DEBUG]   (s) resources = [Resource {targetPath: null, filtering: true, FileSet {directory: C:\Users\Amulya Dammoju\OneDrive\Desktop\sohan_git\auth-service\src\main\resources, PatternSet [includes: {**/application*.yml, **/application*.yaml, **/application*.properties}, excludes: {}]}}, Resource {targetPath: null, filtering: false, FileSet {directory: C:\Users\Amulya Dammoju\OneDrive\Desktop\sohan_git\auth-service\src\main\resources, PatternSet [includes: {}, excludes: {**/application*.yml, **/application*.yaml, **/application*.properties}]}}]
[DEBUG]   (f) session = org.apache.maven.execution.MavenSession@67507df
[DEBUG]   (f) skip = false
[DEBUG]   (f) supportMultiLineFiltering = false
[DEBUG]   (f) useBuildFilters = true
[DEBUG]   (s) useDefaultDelimiters = false
[DEBUG] -- end configuration --
[DEBUG] properties used:
[DEBUG] activemq.version: 6.1.8
[DEBUG] angus-mail.version: 2.0.5
[DEBUG] artemis.version: 2.40.0
[DEBUG] aspectj.version: 1.9.25.1
[DEBUG] assertj.version: 3.27.7
[DEBUG] awaitility.version: 4.2.2
[DEBUG] brave.version: 6.1.0
[DEBUG] build-helper-maven-plugin.version: 3.6.1
[DEBUG] byte-buddy.version: 1.17.8
[DEBUG] cache2k.version: 2.6.1.Final
[DEBUG] caffeine.version: 3.2.4
[DEBUG] cassandra-driver.version: 4.19.3
[DEBUG] classmate.version: 1.7.3
[DEBUG] classworlds.conf: C:\ProgramData\chocolatey\lib\maven\apache-maven-3.9.16\bin\m2.conf
[DEBUG] commons-codec.version: 1.18.0
[DEBUG] commons-dbcp2.version: 2.13.0
[DEBUG] commons-lang3.version: 3.17.0
[DEBUG] commons-pool.version: 1.6
[DEBUG] commons-pool2.version: 2.12.1
[DEBUG] couchbase-client.version: 3.8.3
[DEBUG] crac.version: 1.5.0
[DEBUG] cyclonedx-maven-plugin.version: 2.9.1
[DEBUG] db2-jdbc.version: 12.1.4.0
[DEBUG] dependency-management-plugin.version: 1.1.7
[DEBUG] derby.version: 10.16.1.1
[DEBUG] ehcache3.version: 3.10.9
[DEBUG] elasticsearch-client.version: 8.18.8
[DEBUG] env.=::: ::\
[DEBUG] env.=C:: C:\Users\Amulya Dammoju\OneDrive\Desktop\sohan_git
[DEBUG] env.=EXITCODE: 00000000
[DEBUG] env.ALLUSERSPROFILE: C:\ProgramData
[DEBUG] env.APPDATA: C:\Users\Amulya Dammoju\AppData\Roaming
[DEBUG] env.CHOCOLATEYINSTALL: C:\ProgramData\chocolatey
[DEBUG] env.CHOCOLATEYLASTPATHUPDATE: 134268737047183173
[DEBUG] env.CLASSWORLDS_JAR: "C:\ProgramData\chocolatey\lib\maven\apache-maven-3.9.16\boot\plexus-classworlds-2.11.0.jar"
[DEBUG] env.CLASSWORLDS_LAUNCHER: org.codehaus.plexus.classworlds.launcher.Launcher
[DEBUG] env.COMMONPROGRAMFILES: C:\Program Files\Common Files
[DEBUG] env.COMMONPROGRAMFILES(X86): C:\Program Files (x86)\Common Files
[DEBUG] env.COMMONPROGRAMW6432: C:\Program Files\Common Files
[DEBUG] env.COMPUTERNAME: AMMULAPI
[DEBUG] env.COMSPEC: C:\WINDOWS\system32\cmd.exe
[DEBUG] env.DRIVERDATA: C:\Windows\System32\Drivers\DriverData
[DEBUG] env.EFC_14288_1592913036: 1
[DEBUG] env.EFC_14288_4126798990: 1
[DEBUG] env.ERROR_CODE: 0
[DEBUG] env.EXEC_DIR: C:\Users\Amulya Dammoju\OneDrive\Desktop\sohan_git
[DEBUG] env.HOMEDRIVE: C:
[DEBUG] env.HOMEPATH: \Users\Amulya Dammoju
[DEBUG] env.INTERNAL_MAVEN_OPTS: --enable-native-access=ALL-UNNAMED 
[DEBUG] env.JAVACMD: C:\Program Files\Common Files\Oracle\Java\javapath\java.exe
[DEBUG] env.JVMCONFIG: \.mvn\jvm.config
[DEBUG] env.LOCALAPPDATA: C:\Users\Amulya Dammoju\AppData\Local
[DEBUG] env.LOGONSERVER: \\AMMULAPI
[DEBUG] env.MAVEN_CMD_LINE_ARGS: compile -pl auth-service -X
[DEBUG] env.MAVEN_HOME: C:\ProgramData\chocolatey\lib\maven\apache-maven-3.9.16
[DEBUG] env.MAVEN_PROJECTBASEDIR: C:\Users\Amulya Dammoju\OneDrive\Desktop\sohan_git
[DEBUG] env.NUMBER_OF_PROCESSORS: 16
[DEBUG] env.ONEDRIVE: C:\Users\Amulya Dammoju\OneDrive
[DEBUG] env.ONEDRIVECONSUMER: C:\Users\Amulya Dammoju\OneDrive
[DEBUG] env.OS: Windows_NT
[DEBUG] env.PATH: C:\Program Files\Common Files\Oracle\Java\javapath;C:\WINDOWS\system32;C:\WINDOWS;C:\WINDOWS\System32\Wbem;C:\WINDOWS\System32\WindowsPowerShell\v1.0\;C:\WINDOWS\System32\OpenSSH\;C:\Program Files (x86)\Microsoft SQL Server\160\DTS\Binn\;C:\Program Files (x86)\Microsoft SQL Server\120\DTS\Binn\;C:\Program Files (x86)\Microsoft SQL Server\Client SDK\ODBC\110\Tools\Binn\;C:\Program Files (x86)\Microsoft SQL Server\120\Tools\Binn\;C:\Program Files (x86)\Microsoft SQL Server\120\Tools\Binn\ManagementStudio\;C:\Program Files\Git\cmd;C:\Program Files (x86)\Microsoft SQL Server\170\Tools\Binn\;C:\Program Files\Microsoft SQL Server\170\Tools\Binn\;C:\Program Files\Microsoft SQL Server\Client SDK\ODBC\180\Tools\Binn\;C:\Program Files\Microsoft SQL Server\170\DTS\Binn\;C:\Program Files\Docker\Docker\resources\bin;C:\ProgramData\chocolatey\bin;C:\ProgramData\chocolatey\lib\maven\apache-maven-3.9.16\bin;C:\Users\Amulya Dammoju\AppData\Local\Microsoft\WindowsApps;C:\Users\Amulya Dammoju\AppData\Local\Programs\Microsoft VS Code\bin;C:\Users\Amulya Dammoju\AppData\Local\JetBrains\Toolbox\scripts;;%USERPROFILE%\AppData\Local\Microsoft\WindowsApps
[DEBUG] env.PATHEXT: .COM;.EXE;.BAT;.CMD;.VBS;.VBE;.JS;.JSE;.WSF;.WSH;.MSC
[DEBUG] env.PROCESSOR_ARCHITECTURE: AMD64
[DEBUG] env.PROCESSOR_IDENTIFIER: AMD64 Family 25 Model 80 Stepping 0, AuthenticAMD
[DEBUG] env.PROCESSOR_LEVEL: 25
[DEBUG] env.PROCESSOR_REVISION: 5000
[DEBUG] env.PROGRAMDATA: C:\ProgramData
[DEBUG] env.PROGRAMFILES: C:\Program Files
[DEBUG] env.PROGRAMFILES(X86): C:\Program Files (x86)
[DEBUG] env.PROGRAMW6432: C:\Program Files
[DEBUG] env.PROMPT: $P$G
[DEBUG] env.PSMODULEPATH: C:\Program Files\WindowsPowerShell\Modules;C:\WINDOWS\system32\WindowsPowerShell\v1.0\Modules;C:\Program Files (x86)\Microsoft SQL Server\120\Tools\PowerShell\Modules\;C:\Program Files\Microsoft SQL Server\170\Tools\PowerShell\Modules\
[DEBUG] env.PUBLIC: C:\Users\Public
[DEBUG] env.SESSIONNAME: Console
[DEBUG] env.SYSTEMDRIVE: C:
[DEBUG] env.SYSTEMROOT: C:\WINDOWS
[DEBUG] env.TEMP: C:\Users\AMULYA~1\AppData\Local\Temp
[DEBUG] env.TMP: C:\Users\AMULYA~1\AppData\Local\Temp
[DEBUG] env.USERDOMAIN: AmmuLapi
[DEBUG] env.USERDOMAIN_ROAMINGPROFILE: AmmuLapi
[DEBUG] env.USERNAME: Amulya Dammoju
[DEBUG] env.USERPROFILE: C:\Users\Amulya Dammoju
[DEBUG] env.WDIR: C:\
[DEBUG] env.WINDIR: C:\WINDOWS
[DEBUG] file.encoding: UTF-8
[DEBUG] file.separator: \
[DEBUG] flyway.version: 11.7.2
[DEBUG] freemarker.version: 2.3.34
[DEBUG] git-commit-id-maven-plugin.version: 9.0.2
[DEBUG] glassfish-jaxb.version: 4.0.9
[DEBUG] glassfish-jstl.version: 3.0.1
[DEBUG] graphql-java.version: 24.3
[DEBUG] groovy.version: 4.0.32
[DEBUG] gson.version: 2.13.2
[DEBUG] h2.version: 2.3.232
[DEBUG] hamcrest.version: 3.0
[DEBUG] hazelcast.version: 5.5.0
[DEBUG] hibernate-validator.version: 8.0.3.Final
[DEBUG] hibernate.version: 6.6.53.Final
[DEBUG] hikaricp.version: 6.3.3
[DEBUG] hsqldb.version: 2.7.3
[DEBUG] htmlunit.version: 4.11.1
[DEBUG] httpasyncclient.version: 4.1.5
[DEBUG] httpclient5.version: 5.5.2
[DEBUG] httpcore.version: 4.4.16
[DEBUG] httpcore5.version: 5.3.6
[DEBUG] infinispan.version: 15.2.6.Final
[DEBUG] influxdb-java.version: 2.25
[DEBUG] jackson-bom.version: 2.21.4
[DEBUG] jakarta-activation.version: 2.1.4
[DEBUG] jakarta-annotation.version: 2.1.1
[DEBUG] jakarta-inject.version: 2.0.1
[DEBUG] jakarta-jms.version: 3.1.0
[DEBUG] jakarta-json-bind.version: 3.0.2
[DEBUG] jakarta-json.version: 2.1.3
[DEBUG] jakarta-mail.version: 2.1.5
[DEBUG] jakarta-management.version: 1.1.4
[DEBUG] jakarta-persistence.version: 3.1.0
[DEBUG] jakarta-servlet-jsp-jstl.version: 3.0.2
[DEBUG] jakarta-servlet.version: 6.0.0
[DEBUG] jakarta-transaction.version: 2.0.1
[DEBUG] jakarta-validation.version: 3.0.2
[DEBUG] jakarta-websocket.version: 2.1.1
[DEBUG] jakarta-ws-rs.version: 3.1.0
[DEBUG] jakarta-xml-bind.version: 4.0.5
[DEBUG] jakarta-xml-soap.version: 3.0.2
[DEBUG] jakarta-xml-ws.version: 4.0.3
[DEBUG] janino.version: 3.1.12
[DEBUG] java.class.path: C:\ProgramData\chocolatey\lib\maven\apache-maven-3.9.16\boot\plexus-classworlds-2.11.0.jar
[DEBUG] java.class.version: 69.0
[DEBUG] java.home: C:\Program Files\Java\jdk-25.0.2
[DEBUG] java.io.tmpdir: C:\Users\AMULYA~1\AppData\Local\Temp\
[DEBUG] java.library.path: C:\Program Files\Java\jdk-25.0.2\bin;C:\WINDOWS\Sun\Java\bin;C:\WINDOWS\system32;C:\WINDOWS;C:\Program Files\Common Files\Oracle\Java\javapath;C:\WINDOWS\system32;C:\WINDOWS;C:\WINDOWS\System32\Wbem;C:\WINDOWS\System32\WindowsPowerShell\v1.0\;C:\WINDOWS\System32\OpenSSH\;C:\Program Files (x86)\Microsoft SQL Server\160\DTS\Binn\;C:\Program Files (x86)\Microsoft SQL Server\120\DTS\Binn\;C:\Program Files (x86)\Microsoft SQL Server\Client SDK\ODBC\110\Tools\Binn\;C:\Program Files (x86)\Microsoft SQL Server\120\Tools\Binn\;C:\Program Files (x86)\Microsoft SQL Server\120\Tools\Binn\ManagementStudio\;C:\Program Files\Git\cmd;C:\Program Files (x86)\Microsoft SQL Server\170\Tools\Binn\;C:\Program Files\Microsoft SQL Server\170\Tools\Binn\;C:\Program Files\Microsoft SQL Server\Client SDK\ODBC\180\Tools\Binn\;C:\Program Files\Microsoft SQL Server\170\DTS\Binn\;C:\Program Files\Docker\Docker\resources\bin;C:\ProgramData\chocolatey\bin;C:\ProgramData\chocolatey\lib\maven\apache-maven-3.9.16\bin;C:\Users\Amulya Dammoju\AppData\Local\Microsoft\WindowsApps;C:\Users\Amulya Dammoju\AppData\Local\Programs\Microsoft VS Code\bin;C:\Users\Amulya Dammoju\AppData\Local\JetBrains\Toolbox\scripts;;%USERPROFILE%\AppData\Local\Microsoft\WindowsApps;.
[DEBUG] java.runtime.name: Java(TM) SE Runtime Environment
[DEBUG] java.runtime.version: 25.0.2+10-LTS-69
[DEBUG] java.specification.name: Java Platform API Specification
[DEBUG] java.specification.vendor: Oracle Corporation
[DEBUG] java.specification.version: 25
[DEBUG] java.vendor: Oracle Corporation
[DEBUG] java.vendor.url: https://java.oracle.com/
[DEBUG] java.vendor.url.bug: https://bugreport.java.com/bugreport/
[DEBUG] java.version: 25.0.2
[DEBUG] java.version.date: 2026-01-20
[DEBUG] java.vm.compressedOopsMode: Zero based
[DEBUG] java.vm.info: mixed mode, sharing
[DEBUG] java.vm.name: Java HotSpot(TM) 64-Bit Server VM
[DEBUG] java.vm.specification.name: Java Virtual Machine Specification
[DEBUG] java.vm.specification.vendor: Oracle Corporation
[DEBUG] java.vm.specification.version: 25
[DEBUG] java.vm.vendor: Oracle Corporation
[DEBUG] java.vm.version: 25.0.2+10-LTS-69
[DEBUG] javax-cache.version: 1.1.1
[DEBUG] javax-money.version: 1.1
[DEBUG] jaxen.version: 2.0.6
[DEBUG] jaybird.version: 6.0.5
[DEBUG] jboss-logging.version: 3.6.3.Final
[DEBUG] jdk.debug: release
[DEBUG] jdom2.version: 2.0.6.1
[DEBUG] jedis.version: 6.0.0
[DEBUG] jersey.version: 3.1.11
[DEBUG] jetty-reactive-httpclient.version: 4.0.14
[DEBUG] jetty.version: 12.0.36
[DEBUG] jmustache.version: 1.16
[DEBUG] jooq.version: 3.19.35
[DEBUG] json-path.version: 2.9.0
[DEBUG] json-smart.version: 2.5.2
[DEBUG] jsonassert.version: 1.5.3
[DEBUG] jtds.version: 1.3.1
[DEBUG] junit-jupiter.version: 5.12.2
[DEBUG] junit.version: 4.13.2
[DEBUG] kafka.version: 3.9.2
[DEBUG] kotlin-coroutines.version: 1.8.1
[DEBUG] kotlin-serialization.version: 1.6.3
[DEBUG] kotlin.version: 1.9.25
[DEBUG] lettuce.version: 6.6.0.RELEASE
[DEBUG] library.jansi.path: C:\ProgramData\chocolatey\lib\maven\apache-maven-3.9.16\lib\jansi-native
[DEBUG] line.separator: 

[DEBUG] liquibase.version: 4.31.1
[DEBUG] log4j2.version: 2.24.3
[DEBUG] logback.version: 1.5.34
[DEBUG] lombok.version: 1.18.46
[DEBUG] mariadb.version: 3.5.8
[DEBUG] maven-antrun-plugin.version: 3.1.0
[DEBUG] maven-assembly-plugin.version: 3.7.1
[DEBUG] maven-clean-plugin.version: 3.4.1
[DEBUG] maven-compiler-plugin.version: 3.14.1
[DEBUG] maven-dependency-plugin.version: 3.8.1
[DEBUG] maven-deploy-plugin.version: 3.1.4
[DEBUG] maven-enforcer-plugin.version: 3.5.0
[DEBUG] maven-failsafe-plugin.version: 3.5.6
[DEBUG] maven-help-plugin.version: 3.5.1
[DEBUG] maven-install-plugin.version: 3.1.4
[DEBUG] maven-invoker-plugin.version: 3.9.1
[DEBUG] maven-jar-plugin.version: 3.4.2
[DEBUG] maven-javadoc-plugin.version: 3.11.3
[DEBUG] maven-resources-plugin.version: 3.3.1
[DEBUG] maven-shade-plugin.version: 3.6.2
[DEBUG] maven-source-plugin.version: 3.3.1
[DEBUG] maven-surefire-plugin.version: 3.5.6
[DEBUG] maven-war-plugin.version: 3.4.0
[DEBUG] maven.build.timestamp: 2026-06-25T18:02:13Z
[DEBUG] maven.build.version: Apache Maven 3.9.16 (2bdd9fddda4b155ebf8000e807eb73fd829a51d5)
[DEBUG] maven.compiler.release: 21
[DEBUG] maven.conf: C:\ProgramData\chocolatey\lib\maven\apache-maven-3.9.16/conf
[DEBUG] maven.home: C:\ProgramData\chocolatey\lib\maven\apache-maven-3.9.16
[DEBUG] maven.multiModuleProjectDirectory: C:\Users\Amulya Dammoju\OneDrive\Desktop\sohan_git
[DEBUG] maven.version: 3.9.16
[DEBUG] micrometer-tracing.version: 1.5.12
[DEBUG] micrometer.version: 1.15.12
[DEBUG] mockito.version: 5.17.0
[DEBUG] mongodb.version: 5.5.2
[DEBUG] mssql-jdbc.version: 12.10.2.jre11
[DEBUG] mysql.version: 9.7.0
[DEBUG] native-build-tools-plugin.version: 0.10.6
[DEBUG] native.encoding: Cp1252
[DEBUG] nekohtml.version: 1.9.22
[DEBUG] neo4j-java-driver.version: 5.28.13
[DEBUG] netty.version: 4.1.135.Final
[DEBUG] opentelemetry.version: 1.49.0
[DEBUG] oracle-database.version: 23.7.0.25.01
[DEBUG] oracle-r2dbc.version: 1.3.0
[DEBUG] os.arch: amd64
[DEBUG] os.name: Windows 11
[DEBUG] os.version: 10.0
[DEBUG] path.separator: ;
[DEBUG] pooled-jms.version: 3.1.9
[DEBUG] postgresql.version: 42.7.11
[DEBUG] project.baseUri: file:/C:/Users/Amulya%20Dammoju/OneDrive/Desktop/sohan_git/auth-service/
[DEBUG] project.build.sourceEncoding: UTF-8
[DEBUG] project.reporting.outputEncoding: UTF-8
[DEBUG] prometheus-client.version: 1.3.10
[DEBUG] prometheus-simpleclient.version: 0.16.0
[DEBUG] pulsar-reactive.version: 0.6.0
[DEBUG] pulsar.version: 4.0.11
[DEBUG] quartz.version: 2.5.2
[DEBUG] querydsl.version: 5.1.0
[DEBUG] r2dbc-h2.version: 1.0.1.RELEASE
[DEBUG] r2dbc-mariadb.version: 1.3.0
[DEBUG] r2dbc-mssql.version: 1.0.4.RELEASE
[DEBUG] r2dbc-mysql.version: 1.4.2
[DEBUG] r2dbc-pool.version: 1.0.2.RELEASE
[DEBUG] r2dbc-postgresql.version: 1.0.9.RELEASE
[DEBUG] r2dbc-proxy.version: 1.1.6.RELEASE
[DEBUG] r2dbc-spi.version: 1.0.0.RELEASE
[DEBUG] rabbit-amqp-client.version: 5.25.0
[DEBUG] rabbit-stream-client.version: 0.23.0
[DEBUG] reactive-streams.version: 1.0.4
[DEBUG] reactor-bom.version: 2024.0.18
[DEBUG] resource.delimiter: @
[DEBUG] rest-assured.version: 5.5.7
[DEBUG] rsocket.version: 1.1.5
[DEBUG] rxjava3.version: 3.1.12
[DEBUG] saaj-impl.version: 3.0.6
[DEBUG] selenium-htmlunit.version: 4.30.0
[DEBUG] selenium.version: 4.31.0
[DEBUG] sendgrid.version: 4.10.3
[DEBUG] slf4j.version: 2.0.18
[DEBUG] snakeyaml.version: 2.4
[DEBUG] spring-amqp.version: 3.2.11
[DEBUG] spring-authorization-server.version: 1.5.8
[DEBUG] spring-batch.version: 5.2.6
[DEBUG] spring-boot.run.main-class: ${start-class}
[DEBUG] spring-cloud.version: 2025.0.3
[DEBUG] spring-data-bom.version: 2025.0.12
[DEBUG] spring-framework.version: 6.2.19
[DEBUG] spring-graphql.version: 1.4.6
[DEBUG] spring-hateoas.version: 2.5.3
[DEBUG] spring-integration.version: 6.5.9
[DEBUG] spring-kafka.version: 3.3.16
[DEBUG] spring-ldap.version: 3.3.8
[DEBUG] spring-pulsar.version: 1.2.18
[DEBUG] spring-restdocs.version: 3.0.6
[DEBUG] spring-retry.version: 2.0.13
[DEBUG] spring-security.version: 6.5.11
[DEBUG] spring-session.version: 3.5.7
[DEBUG] spring-ws.version: 4.1.4
[DEBUG] sqlite-jdbc.version: 3.49.1.0
[DEBUG] stderr.encoding: Cp1252
[DEBUG] stdin.encoding: cp437
[DEBUG] stdout.encoding: Cp1252
[DEBUG] sun.arch.data.model: 64
[DEBUG] sun.boot.library.path: C:\Program Files\Java\jdk-25.0.2\bin
[DEBUG] sun.cpu.endian: little
[DEBUG] sun.cpu.isalist: amd64
[DEBUG] sun.io.unicode.encoding: UnicodeLittle
[DEBUG] sun.java.command: org.codehaus.plexus.classworlds.launcher.Launcher compile -pl auth-service -X
[DEBUG] sun.java.launcher: SUN_STANDARD
[DEBUG] sun.jnu.encoding: Cp1252
[DEBUG] sun.management.compiler: HotSpot 64-Bit Tiered Compilers
[DEBUG] sun.os.patch.level: 
[DEBUG] testcontainers-redis-module.version: 2.2.4
[DEBUG] testcontainers.version: 1.21.4
[DEBUG] thymeleaf-extras-data-attribute.version: 2.0.1
[DEBUG] thymeleaf-extras-springsecurity.version: 3.1.5.RELEASE
[DEBUG] thymeleaf-layout-dialect.version: 3.4.0
[DEBUG] thymeleaf.version: 3.1.5.RELEASE
[DEBUG] tomcat.version: 10.1.55
[DEBUG] unboundid-ldapsdk.version: 7.0.4
[DEBUG] undertow.version: 2.3.24.Final
[DEBUG] user.country: IN
[DEBUG] user.dir: C:\Users\Amulya Dammoju\OneDrive\Desktop\sohan_git
[DEBUG] user.home: C:\Users\Amulya Dammoju
[DEBUG] user.language: en
[DEBUG] user.name: Amulya Dammoju
[DEBUG] user.script: 
[DEBUG] user.variant: 
[DEBUG] versions-maven-plugin.version: 2.18.0
[DEBUG] vibur.version: 26.0
[DEBUG] webjars-locator-core.version: 0.59
[DEBUG] webjars-locator-lite.version: 1.1.3
[DEBUG] wsdl4j.version: 1.6.3
[DEBUG] xml-maven-plugin.version: 1.1.0
[DEBUG] xmlunit2.version: 2.10.4
[DEBUG] yasson.version: 3.0.4
[DEBUG] zipkin-reporter.version: 3.5.3
[DEBUG] Using 'UTF-8' encoding to copy filtered resources.
[DEBUG] Using 'UTF-8' encoding to copy filtered properties files.
[DEBUG] resource with targetPath null
directory C:\Users\Amulya Dammoju\OneDrive\Desktop\sohan_git\auth-service\src\main\resources
excludes []
includes [**/application*.yml, **/application*.yaml, **/application*.properties]
[DEBUG] ignoreDelta true
[INFO] Copying 1 resource from src\main\resources to target\classes
[DEBUG] Copying file application.yaml
[DEBUG] file application.yaml has a filtered file extension
[DEBUG] Using 'UTF-8' encoding to copy filtered resource 'application.yaml'.
[DEBUG] filtering C:\Users\Amulya Dammoju\OneDrive\Desktop\sohan_git\auth-service\src\main\resources\application.yaml to C:\Users\Amulya Dammoju\OneDrive\Desktop\sohan_git\auth-service\target\classes\application.yaml
[DEBUG] resource with targetPath null
directory C:\Users\Amulya Dammoju\OneDrive\Desktop\sohan_git\auth-service\src\main\resources
excludes [**/application*.yml, **/application*.yaml, **/application*.properties]
includes []
[DEBUG] ignoreDelta true
[INFO] Copying 0 resource from src\main\resources to target\classes
[DEBUG] no user filter components
[INFO] 
[INFO] --- compiler:3.14.1:compile (default-compile) @ auth-service ---
[DEBUG] Dependency collection stats {ConflictMarker.analyzeTime=101800, ConflictMarker.markTime=33500, ConflictMarker.nodeCount=23, ConflictIdSorter.graphTime=32500, ConflictIdSorter.topsortTime=26600, ConflictIdSorter.conflictIdCount=14, ConflictIdSorter.conflictIdCycleCount=0, ConflictResolver.totalTime=304000, ConflictResolver.conflictItemCount=23, DfDependencyCollector.collectTime=85142400, DfDependencyCollector.transformTime=529300}
[DEBUG] org.apache.maven.plugins:maven-compiler-plugin:jar:3.14.1
[DEBUG]    org.ow2.asm:asm:jar:9.8:compile
[DEBUG]    org.apache.maven.shared:maven-shared-utils:jar:3.4.2:compile
[DEBUG]       org.slf4j:slf4j-api:jar:1.7.36:compile
[DEBUG]       commons-io:commons-io:jar:2.11.0:compile
[DEBUG]    org.apache.maven.shared:maven-shared-incremental:jar:1.1:compile
[DEBUG]    org.codehaus.plexus:plexus-java:jar:1.5.0:compile
[DEBUG]       com.thoughtworks.qdox:qdox:jar:2.2.0:compile
[DEBUG]    org.codehaus.plexus:plexus-compiler-api:jar:2.15.0:compile
[DEBUG]    org.codehaus.plexus:plexus-compiler-manager:jar:2.15.0:compile
[DEBUG]       javax.inject:javax.inject:jar:1:compile
[DEBUG]       org.codehaus.plexus:plexus-xml:jar:3.0.1:compile (version managed from default)
[DEBUG]    org.codehaus.plexus:plexus-compiler-javac:jar:2.15.0:runtime
[DEBUG]    org.codehaus.plexus:plexus-utils:jar:4.0.2:compile
[DEBUG] Created new class realm plugin>org.apache.maven.plugins:maven-compiler-plugin:3.14.1
[DEBUG] Importing foreign packages into class realm plugin>org.apache.maven.plugins:maven-compiler-plugin:3.14.1
[DEBUG]   Imported:  < maven.api
[DEBUG] Populating class realm plugin>org.apache.maven.plugins:maven-compiler-plugin:3.14.1
[DEBUG]   Included: org.apache.maven.plugins:maven-compiler-plugin:jar:3.14.1
[DEBUG]   Included: org.ow2.asm:asm:jar:9.8
[DEBUG]   Included: org.apache.maven.shared:maven-shared-utils:jar:3.4.2
[DEBUG]   Included: commons-io:commons-io:jar:2.11.0
[DEBUG]   Included: org.apache.maven.shared:maven-shared-incremental:jar:1.1
[DEBUG]   Included: org.codehaus.plexus:plexus-java:jar:1.5.0
[DEBUG]   Included: com.thoughtworks.qdox:qdox:jar:2.2.0
[DEBUG]   Included: org.codehaus.plexus:plexus-compiler-api:jar:2.15.0
[DEBUG]   Included: org.codehaus.plexus:plexus-compiler-manager:jar:2.15.0
[DEBUG]   Included: org.codehaus.plexus:plexus-xml:jar:3.0.1
[DEBUG]   Included: org.codehaus.plexus:plexus-compiler-javac:jar:2.15.0
[DEBUG]   Included: org.codehaus.plexus:plexus-utils:jar:4.0.2
[DEBUG] Loading mojo org.apache.maven.plugins:maven-compiler-plugin:3.14.1:compile from plugin realm ClassRealm[plugin>org.apache.maven.plugins:maven-compiler-plugin:3.14.1, parent: jdk.internal.loader.ClassLoaders$AppClassLoader@5bc2b487]
[DEBUG] Configuring mojo execution 'org.apache.maven.plugins:maven-compiler-plugin:3.14.1:compile:default-compile' with basic configurator -->
[DEBUG]   (f) annotationProcessorPathsUseDepMgmt = false
[DEBUG]   (f) basedir = C:\Users\Amulya Dammoju\OneDrive\Desktop\sohan_git\auth-service
[DEBUG]   (f) buildDirectory = C:\Users\Amulya Dammoju\OneDrive\Desktop\sohan_git\auth-service\target
[DEBUG]   (f) compilePath = [C:\Users\Amulya Dammoju\OneDrive\Desktop\sohan_git\auth-service\target\classes, C:\Users\Amulya Dammoju\.m2\repository\org\springframework\boot\spring-boot-starter-actuator\3.5.15\spring-boot-starter-actuator-3.5.15.jar, C:\Users\Amulya Dammoju\.m2\repository\org\springframework\boot\spring-boot-starter\3.5.15\spring-boot-starter-3.5.15.jar, C:\Users\Amulya Dammoju\.m2\repository\org\springframework\boot\spring-boot-starter-logging\3.5.15\spring-boot-starter-logging-3.5.15.jar, C:\Users\Amulya Dammoju\.m2\repository\ch\qos\logback\logback-classic\1.5.34\logback-classic-1.5.34.jar, C:\Users\Amulya Dammoju\.m2\repository\ch\qos\logback\logback-core\1.5.34\logback-core-1.5.34.jar, C:\Users\Amulya Dammoju\.m2\repository\org\apache\logging\log4j\log4j-to-slf4j\2.24.3\log4j-to-slf4j-2.24.3.jar, C:\Users\Amulya Dammoju\.m2\repository\org\apache\logging\log4j\log4j-api\2.24.3\log4j-api-2.24.3.jar, C:\Users\Amulya Dammoju\.m2\repository\org\slf4j\jul-to-slf4j\2.0.18\jul-to-slf4j-2.0.18.jar, C:\Users\Amulya Dammoju\.m2\repository\jakarta\annotation\jakarta.annotation-api\2.1.1\jakarta.annotation-api-2.1.1.jar, C:\Users\Amulya Dammoju\.m2\repository\org\yaml\snakeyaml\2.4\snakeyaml-2.4.jar, C:\Users\Amulya Dammoju\.m2\repository\org\springframework\boot\spring-boot-actuator-autoconfigure\3.5.15\spring-boot-actuator-autoconfigure-3.5.15.jar, C:\Users\Amulya Dammoju\.m2\repository\org\springframework\boot\spring-boot-actuator\3.5.15\spring-boot-actuator-3.5.15.jar, C:\Users\Amulya Dammoju\.m2\repository\com\fasterxml\jackson\datatype\jackson-datatype-jsr310\2.21.4\jackson-datatype-jsr310-2.21.4.jar, C:\Users\Amulya Dammoju\.m2\repository\io\micrometer\micrometer-observation\1.15.12\micrometer-observation-1.15.12.jar, C:\Users\Amulya Dammoju\.m2\repository\io\micrometer\micrometer-commons\1.15.12\micrometer-commons-1.15.12.jar, C:\Users\Amulya Dammoju\.m2\repository\io\micrometer\micrometer-jakarta9\1.15.12\micrometer-jakarta9-1.15.12.jar, C:\Users\Amulya Dammoju\.m2\repository\io\micrometer\micrometer-core\1.15.12\micrometer-core-1.15.12.jar, C:\Users\Amulya Dammoju\.m2\repository\org\springframework\boot\spring-boot-starter-data-jpa\3.5.15\spring-boot-starter-data-jpa-3.5.15.jar, C:\Users\Amulya Dammoju\.m2\repository\org\springframework\boot\spring-boot-starter-jdbc\3.5.15\spring-boot-starter-jdbc-3.5.15.jar, C:\Users\Amulya Dammoju\.m2\repository\com\zaxxer\HikariCP\6.3.3\HikariCP-6.3.3.jar, C:\Users\Amulya Dammoju\.m2\repository\org\springframework\spring-jdbc\6.2.19\spring-jdbc-6.2.19.jar, C:\Users\Amulya Dammoju\.m2\repository\org\hibernate\orm\hibernate-core\6.6.53.Final\hibernate-core-6.6.53.Final.jar, C:\Users\Amulya Dammoju\.m2\repository\jakarta\persistence\jakarta.persistence-api\3.1.0\jakarta.persistence-api-3.1.0.jar, C:\Users\Amulya Dammoju\.m2\repository\jakarta\transaction\jakarta.transaction-api\2.0.1\jakarta.transaction-api-2.0.1.jar, C:\Users\Amulya Dammoju\.m2\repository\org\jboss\logging\jboss-logging\3.6.3.Final\jboss-logging-3.6.3.Final.jar, C:\Users\Amulya Dammoju\.m2\repository\com\fasterxml\classmate\1.7.3\classmate-1.7.3.jar, C:\Users\Amulya Dammoju\.m2\repository\jakarta\inject\jakarta.inject-api\2.0.1\jakarta.inject-api-2.0.1.jar, C:\Users\Amulya Dammoju\.m2\repository\org\antlr\antlr4-runtime\4.13.2\antlr4-runtime-4.13.2.jar, C:\Users\Amulya Dammoju\.m2\repository\org\springframework\data\spring-data-jpa\3.5.12\spring-data-jpa-3.5.12.jar, C:\Users\Amulya Dammoju\.m2\repository\org\springframework\data\spring-data-commons\3.5.12\spring-data-commons-3.5.12.jar, C:\Users\Amulya Dammoju\.m2\repository\org\springframework\spring-orm\6.2.19\spring-orm-6.2.19.jar, C:\Users\Amulya Dammoju\.m2\repository\org\springframework\spring-context\6.2.19\spring-context-6.2.19.jar, C:\Users\Amulya Dammoju\.m2\repository\org\springframework\spring-tx\6.2.19\spring-tx-6.2.19.jar, C:\Users\Amulya Dammoju\.m2\repository\org\springframework\spring-beans\6.2.19\spring-beans-6.2.19.jar, C:\Users\Amulya Dammoju\.m2\repository\org\slf4j\slf4j-api\2.0.18\slf4j-api-2.0.18.jar, C:\Users\Amulya Dammoju\.m2\repository\org\springframework\spring-aspects\6.2.19\spring-aspects-6.2.19.jar, C:\Users\Amulya Dammoju\.m2\repository\org\aspectj\aspectjweaver\1.9.25.1\aspectjweaver-1.9.25.1.jar, C:\Users\Amulya Dammoju\.m2\repository\org\springframework\boot\spring-boot-starter-security\3.5.15\spring-boot-starter-security-3.5.15.jar, C:\Users\Amulya Dammoju\.m2\repository\org\springframework\spring-aop\6.2.19\spring-aop-6.2.19.jar, C:\Users\Amulya Dammoju\.m2\repository\org\springframework\security\spring-security-config\6.5.11\spring-security-config-6.5.11.jar, C:\Users\Amulya Dammoju\.m2\repository\org\springframework\security\spring-security-web\6.5.11\spring-security-web-6.5.11.jar, C:\Users\Amulya Dammoju\.m2\repository\org\springframework\spring-expression\6.2.19\spring-expression-6.2.19.jar, C:\Users\Amulya Dammoju\.m2\repository\org\springframework\boot\spring-boot-starter-validation\3.5.15\spring-boot-starter-validation-3.5.15.jar, C:\Users\Amulya Dammoju\.m2\repository\org\apache\tomcat\embed\tomcat-embed-el\10.1.55\tomcat-embed-el-10.1.55.jar, C:\Users\Amulya Dammoju\.m2\repository\org\hibernate\validator\hibernate-validator\8.0.3.Final\hibernate-validator-8.0.3.Final.jar, C:\Users\Amulya Dammoju\.m2\repository\jakarta\validation\jakarta.validation-api\3.0.2\jakarta.validation-api-3.0.2.jar, C:\Users\Amulya Dammoju\.m2\repository\org\springframework\cloud\spring-cloud-starter-openfeign\4.3.3\spring-cloud-starter-openfeign-4.3.3.jar, C:\Users\Amulya Dammoju\.m2\repository\org\springframework\cloud\spring-cloud-starter\4.3.3\spring-cloud-starter-4.3.3.jar, C:\Users\Amulya Dammoju\.m2\repository\org\springframework\cloud\spring-cloud-context\4.3.3\spring-cloud-context-4.3.3.jar, C:\Users\Amulya Dammoju\.m2\repository\org\bouncycastle\bcprov-jdk18on\1.80.2\bcprov-jdk18on-1.80.2.jar, C:\Users\Amulya Dammoju\.m2\repository\org\springframework\cloud\spring-cloud-openfeign-core\4.3.3\spring-cloud-openfeign-core-4.3.3.jar, C:\Users\Amulya Dammoju\.m2\repository\io\github\openfeign\feign-form-spring\13.6.1\feign-form-spring-13.6.1.jar, C:\Users\Amulya Dammoju\.m2\repository\org\apache\commons\commons-text\1.13.0\commons-text-1.13.0.jar, C:\Users\Amulya Dammoju\.m2\repository\org\apache\commons\commons-lang3\3.17.0\commons-lang3-3.17.0.jar, C:\Users\Amulya Dammoju\.m2\repository\io\github\openfeign\feign-form\13.6.1\feign-form-13.6.1.jar, C:\Users\Amulya Dammoju\.m2\repository\commons-fileupload\commons-fileupload\1.6.0\commons-fileupload-1.6.0.jar, C:\Users\Amulya Dammoju\.m2\repository\org\springframework\spring-web\6.2.19\spring-web-6.2.19.jar, C:\Users\Amulya Dammoju\.m2\repository\org\springframework\cloud\spring-cloud-commons\4.3.3\spring-cloud-commons-4.3.3.jar, C:\Users\Amulya Dammoju\.m2\repository\org\springframework\security\spring-security-crypto\6.5.11\spring-security-crypto-6.5.11.jar, C:\Users\Amulya Dammoju\.m2\repository\io\github\openfeign\feign-core\13.6.1\feign-core-13.6.1.jar, C:\Users\Amulya Dammoju\.m2\repository\io\github\openfeign\feign-slf4j\13.6.1\feign-slf4j-13.6.1.jar, C:\Users\Amulya Dammoju\.m2\repository\org\springframework\boot\spring-boot-starter-web\3.5.15\spring-boot-starter-web-3.5.15.jar, C:\Users\Amulya Dammoju\.m2\repository\org\springframework\boot\spring-boot-starter-json\3.5.15\spring-boot-starter-json-3.5.15.jar, C:\Users\Amulya Dammoju\.m2\repository\com\fasterxml\jackson\datatype\jackson-datatype-jdk8\2.21.4\jackson-datatype-jdk8-2.21.4.jar, C:\Users\Amulya Dammoju\.m2\repository\com\fasterxml\jackson\module\jackson-module-parameter-names\2.21.4\jackson-module-parameter-names-2.21.4.jar, C:\Users\Amulya Dammoju\.m2\repository\org\springframework\boot\spring-boot-starter-tomcat\3.5.15\spring-boot-starter-tomcat-3.5.15.jar, C:\Users\Amulya Dammoju\.m2\repository\org\apache\tomcat\embed\tomcat-embed-core\10.1.55\tomcat-embed-core-10.1.55.jar, C:\Users\Amulya Dammoju\.m2\repository\org\apache\tomcat\embed\tomcat-embed-websocket\10.1.55\tomcat-embed-websocket-10.1.55.jar, C:\Users\Amulya Dammoju\.m2\repository\org\springframework\spring-webmvc\6.2.19\spring-webmvc-6.2.19.jar, C:\Users\Amulya Dammoju\.m2\repository\org\springframework\cloud\spring-cloud-starter-netflix-eureka-client\4.3.3\spring-cloud-starter-netflix-eureka-client-4.3.3.jar, C:\Users\Amulya Dammoju\.m2\repository\org\springframework\cloud\spring-cloud-netflix-eureka-client\4.3.3\spring-cloud-netflix-eureka-client-4.3.3.jar, C:\Users\Amulya Dammoju\.m2\repository\org\apache\httpcomponents\client5\httpclient5\5.5.2\httpclient5-5.5.2.jar, C:\Users\Amulya Dammoju\.m2\repository\org\apache\httpcomponents\core5\httpcore5\5.3.6\httpcore5-5.3.6.jar, C:\Users\Amulya Dammoju\.m2\repository\org\apache\httpcomponents\core5\httpcore5-h2\5.3.6\httpcore5-h2-5.3.6.jar, C:\Users\Amulya Dammoju\.m2\repository\com\netflix\eureka\eureka-client\2.0.6\eureka-client-2.0.6.jar, C:\Users\Amulya Dammoju\.m2\repository\com\thoughtworks\xstream\xstream\1.4.21\xstream-1.4.21.jar, C:\Users\Amulya Dammoju\.m2\repository\io\github\x-stream\mxparser\1.2.2\mxparser-1.2.2.jar, C:\Users\Amulya Dammoju\.m2\repository\xmlpull\xmlpull\1.1.3.1\xmlpull-1.1.3.1.jar, C:\Users\Amulya Dammoju\.m2\repository\jakarta\ws\rs\jakarta.ws.rs-api\3.1.0\jakarta.ws.rs-api-3.1.0.jar, C:\Users\Amulya Dammoju\.m2\repository\com\netflix\spectator\spectator-api\1.7.3\spectator-api-1.7.3.jar, C:\Users\Amulya Dammoju\.m2\repository\org\apache\httpcomponents\httpclient\4.5.3\httpclient-4.5.3.jar, C:\Users\Amulya Dammoju\.m2\repository\org\apache\httpcomponents\httpcore\4.4.16\httpcore-4.4.16.jar, C:\Users\Amulya Dammoju\.m2\repository\commons-codec\commons-codec\1.18.0\commons-codec-1.18.0.jar, C:\Users\Amulya Dammoju\.m2\repository\com\fasterxml\jackson\core\jackson-annotations\2.21\jackson-annotations-2.21.jar, C:\Users\Amulya Dammoju\.m2\repository\com\fasterxml\jackson\core\jackson-core\2.21.4\jackson-core-2.21.4.jar, C:\Users\Amulya Dammoju\.m2\repository\org\springframework\cloud\spring-cloud-starter-loadbalancer\4.3.3\spring-cloud-starter-loadbalancer-4.3.3.jar, C:\Users\Amulya Dammoju\.m2\repository\org\springframework\cloud\spring-cloud-loadbalancer\4.3.3\spring-cloud-loadbalancer-4.3.3.jar, C:\Users\Amulya Dammoju\.m2\repository\io\projectreactor\addons\reactor-extra\3.5.5\reactor-extra-3.5.5.jar, C:\Users\Amulya Dammoju\.m2\repository\org\springframework\boot\spring-boot-starter-cache\3.5.15\spring-boot-starter-cache-3.5.15.jar, C:\Users\Amulya Dammoju\.m2\repository\com\stoyanr\evictor\1.0.0\evictor-1.0.0.jar, C:\Users\Amulya Dammoju\.m2\repository\org\springframework\boot\spring-boot\3.5.15\spring-boot-3.5.15.jar, C:\Users\Amulya Dammoju\.m2\repository\org\springframework\boot\spring-boot-autoconfigure\3.5.15\spring-boot-autoconfigure-3.5.15.jar, C:\Users\Amulya Dammoju\.m2\repository\org\springframework\spring-core\6.2.19\spring-core-6.2.19.jar, C:\Users\Amulya Dammoju\.m2\repository\org\springframework\spring-jcl\6.2.19\spring-jcl-6.2.19.jar, C:\Users\Amulya Dammoju\.m2\repository\org\springframework\security\spring-security-core\6.5.11\spring-security-core-6.5.11.jar, C:\Users\Amulya Dammoju\.m2\repository\org\projectlombok\lombok\1.18.46\lombok-1.18.46.jar, C:\Users\Amulya Dammoju\.m2\repository\org\springframework\boot\spring-boot-starter-data-redis\3.5.15\spring-boot-starter-data-redis-3.5.15.jar, C:\Users\Amulya Dammoju\.m2\repository\io\lettuce\lettuce-core\6.6.0.RELEASE\lettuce-core-6.6.0.RELEASE.jar, C:\Users\Amulya Dammoju\.m2\repository\redis\clients\authentication\redis-authx-core\0.1.1-beta2\redis-authx-core-0.1.1-beta2.jar, C:\Users\Amulya Dammoju\.m2\repository\io\netty\netty-common\4.1.135.Final\netty-common-4.1.135.Final.jar, C:\Users\Amulya Dammoju\.m2\repository\io\netty\netty-handler\4.1.135.Final\netty-handler-4.1.135.Final.jar, C:\Users\Amulya Dammoju\.m2\repository\io\netty\netty-resolver\4.1.135.Final\netty-resolver-4.1.135.Final.jar, C:\Users\Amulya Dammoju\.m2\repository\io\netty\netty-buffer\4.1.135.Final\netty-buffer-4.1.135.Final.jar, C:\Users\Amulya Dammoju\.m2\repository\io\netty\netty-transport-native-unix-common\4.1.135.Final\netty-transport-native-unix-common-4.1.135.Final.jar, C:\Users\Amulya Dammoju\.m2\repository\io\netty\netty-codec\4.1.135.Final\netty-codec-4.1.135.Final.jar, C:\Users\Amulya Dammoju\.m2\repository\io\netty\netty-transport\4.1.135.Final\netty-transport-4.1.135.Final.jar, C:\Users\Amulya Dammoju\.m2\repository\io\projectreactor\reactor-core\3.7.19\reactor-core-3.7.19.jar, C:\Users\Amulya Dammoju\.m2\repository\org\reactivestreams\reactive-streams\1.0.4\reactive-streams-1.0.4.jar, C:\Users\Amulya Dammoju\.m2\repository\org\springframework\data\spring-data-redis\3.5.12\spring-data-redis-3.5.12.jar, C:\Users\Amulya Dammoju\.m2\repository\org\springframework\data\spring-data-keyvalue\3.5.12\spring-data-keyvalue-3.5.12.jar, C:\Users\Amulya Dammoju\.m2\repository\org\springframework\spring-oxm\6.2.19\spring-oxm-6.2.19.jar, C:\Users\Amulya Dammoju\.m2\repository\org\springframework\spring-context-support\6.2.19\spring-context-support-6.2.19.jar, C:\Users\Amulya Dammoju\.m2\repository\io\jsonwebtoken\jjwt-api\0.12.5\jjwt-api-0.12.5.jar, C:\Users\Amulya Dammoju\.m2\repository\com\fasterxml\jackson\core\jackson-databind\2.21.4\jackson-databind-2.21.4.jar]
[DEBUG]   (f) compileSourceRoots = [C:\Users\Amulya Dammoju\OneDrive\Desktop\sohan_git\auth-service\src\main\java]
[DEBUG]   (f) compilerId = javac
[DEBUG]   (f) createMissingPackageInfoClass = true
[DEBUG]   (f) debug = true
[DEBUG]   (f) debugFileName = javac
[DEBUG]   (f) enablePreview = false
[DEBUG]   (f) encoding = UTF-8
[DEBUG]   (f) failOnError = true
[DEBUG]   (f) failOnWarning = false
[DEBUG]   (f) fileExtensions = [jar, class]
[DEBUG]   (f) forceJavacCompilerUse = false
[DEBUG]   (f) forceLegacyJavacApi = false
[DEBUG]   (f) fork = false
[DEBUG]   (f) generatedSourcesDirectory = C:\Users\Amulya Dammoju\OneDrive\Desktop\sohan_git\auth-service\target\generated-sources\annotations
[DEBUG]   (f) moduleVersion = 0.0.1-SNAPSHOT
[DEBUG]   (f) mojoExecution = org.apache.maven.plugins:maven-compiler-plugin:3.14.1:compile {execution: default-compile}
[DEBUG]   (f) optimize = false
[DEBUG]   (f) outputDirectory = C:\Users\Amulya Dammoju\OneDrive\Desktop\sohan_git\auth-service\target\classes
[DEBUG]   (f) parameters = true
[DEBUG]   (f) project = MavenProject: com.kaatha:auth-service:0.0.1-SNAPSHOT @ C:\Users\Amulya Dammoju\OneDrive\Desktop\sohan_git\auth-service\pom.xml
[DEBUG]   (f) projectArtifact = com.kaatha:auth-service:jar:0.0.1-SNAPSHOT
[DEBUG]   (s) release = 21
[DEBUG]   (f) session = org.apache.maven.execution.MavenSession@67507df
[DEBUG]   (f) showCompilationChanges = false
[DEBUG]   (f) showDeprecation = false
[DEBUG]   (f) showWarnings = true
[DEBUG]   (f) skipMultiThreadWarning = false
[DEBUG]   (f) source = 1.8
[DEBUG]   (f) staleMillis = 0
[DEBUG]   (s) target = 1.8
[DEBUG]   (f) useIncrementalCompilation = true
[DEBUG]   (f) useModuleVersion = true
[DEBUG]   (f) verbose = false
[DEBUG] -- end configuration --
[DEBUG] Using compiler 'javac'.
[DEBUG] CompilerReuseStrategy: reuseCreated
[DEBUG] useIncrementalCompilation enabled
[INFO] 	Stale source detected: C:\Users\Amulya Dammoju\OneDrive\Desktop\sohan_git\auth-service\src\main\java\com\kaatha\auth_service\dto\response\LoginResponse.java
[INFO] 	Stale source detected: C:\Users\Amulya Dammoju\OneDrive\Desktop\sohan_git\auth-service\src\main\java\com\kaatha\auth_service\repository\UserSessionRepository.java
[INFO] 	Stale source detected: C:\Users\Amulya Dammoju\OneDrive\Desktop\sohan_git\auth-service\src\main\java\com\kaatha\auth_service\exception\InvalidOtpException.java
[INFO] 	Stale source detected: C:\Users\Amulya Dammoju\OneDrive\Desktop\sohan_git\auth-service\src\main\java\com\kaatha\auth_service\dto\request\SendOtpRequest.java
[INFO] 	Stale source detected: C:\Users\Amulya Dammoju\OneDrive\Desktop\sohan_git\auth-service\src\main\java\com\kaatha\auth_service\service\impl\AuthServiceImpl.java
[INFO] 	Stale source detected: C:\Users\Amulya Dammoju\OneDrive\Desktop\sohan_git\auth-service\src\main\java\com\kaatha\auth_service\exception\InvalidTokenException.java
[INFO] 	Stale source detected: C:\Users\Amulya Dammoju\OneDrive\Desktop\sohan_git\auth-service\src\main\java\com\kaatha\auth_service\feign\ShopkeeperClient.java
[INFO] 	Stale source detected: C:\Users\Amulya Dammoju\OneDrive\Desktop\sohan_git\auth-service\src\main\java\com\kaatha\auth_service\entity\RefreshToken.java
[INFO] 	Stale source detected: C:\Users\Amulya Dammoju\OneDrive\Desktop\sohan_git\auth-service\src\main\java\com\kaatha\auth_service\security\JwtAuthenticationFilter.java
[INFO] 	Stale source detected: C:\Users\Amulya Dammoju\OneDrive\Desktop\sohan_git\auth-service\src\main\java\com\kaatha\auth_service\repository\RefreshTokenRepository.java
[INFO] 	Stale source detected: C:\Users\Amulya Dammoju\OneDrive\Desktop\sohan_git\auth-service\src\main\java\com\kaatha\auth_service\repository\OtpVerificationRepository.java
[INFO] 	Stale source detected: C:\Users\Amulya Dammoju\OneDrive\Desktop\sohan_git\auth-service\src\main\java\com\kaatha\auth_service\dto\request\NotificationRequest.java
[INFO] 	Stale source detected: C:\Users\Amulya Dammoju\OneDrive\Desktop\sohan_git\auth-service\src\main\java\com\kaatha\auth_service\security\CustomerUserDetailsService.java
[INFO] 	Stale source detected: C:\Users\Amulya Dammoju\OneDrive\Desktop\sohan_git\auth-service\src\main\java\com\kaatha\auth_service\dto\response\NotificationResponse.java
[INFO] 	Stale source detected: C:\Users\Amulya Dammoju\OneDrive\Desktop\sohan_git\auth-service\src\main\java\com\kaatha\auth_service\dto\request\LogoutRequest.java
[INFO] 	Stale source detected: C:\Users\Amulya Dammoju\OneDrive\Desktop\sohan_git\auth-service\src\main\java\com\kaatha\auth_service\controller\AuthController.java
[INFO] 	Stale source detected: C:\Users\Amulya Dammoju\OneDrive\Desktop\sohan_git\auth-service\src\main\java\com\kaatha\auth_service\dto\request\RefreshTokenRequest.java
[INFO] 	Stale source detected: C:\Users\Amulya Dammoju\OneDrive\Desktop\sohan_git\auth-service\src\main\java\com\kaatha\auth_service\feign\CustomerClient.java
[INFO] 	Stale source detected: C:\Users\Amulya Dammoju\OneDrive\Desktop\sohan_git\auth-service\src\main\java\com\kaatha\auth_service\entity\UserSession.java
[INFO] 	Stale source detected: C:\Users\Amulya Dammoju\OneDrive\Desktop\sohan_git\auth-service\src\main\java\com\kaatha\auth_service\exception\UserNotFoundException.java
[INFO] 	Stale source detected: C:\Users\Amulya Dammoju\OneDrive\Desktop\sohan_git\auth-service\src\main\java\com\kaatha\auth_service\mapper\AuthMapper.java
[INFO] 	Stale source detected: C:\Users\Amulya Dammoju\OneDrive\Desktop\sohan_git\auth-service\src\main\java\com\kaatha\auth_service\entity\enums\UserType.java
[INFO] 	Stale source detected: C:\Users\Amulya Dammoju\OneDrive\Desktop\sohan_git\auth-service\src\main\java\com\kaatha\auth_service\dto\request\VerifyOtpRequest.java
[INFO] 	Stale source detected: C:\Users\Amulya Dammoju\OneDrive\Desktop\sohan_git\auth-service\src\main\java\com\kaatha\auth_service\dto\response\ApiResponse.java
[INFO] 	Stale source detected: C:\Users\Amulya Dammoju\OneDrive\Desktop\sohan_git\auth-service\src\main\java\com\kaatha\auth_service\exception\GlobalExceptionHandler.java
[INFO] 	Stale source detected: C:\Users\Amulya Dammoju\OneDrive\Desktop\sohan_git\auth-service\src\main\java\com\kaatha\auth_service\security\JwtUtil.java
[INFO] 	Stale source detected: C:\Users\Amulya Dammoju\OneDrive\Desktop\sohan_git\auth-service\src\main\java\com\kaatha\auth_service\feign\NotificationClient.java
[INFO] 	Stale source detected: C:\Users\Amulya Dammoju\OneDrive\Desktop\sohan_git\auth-service\src\main\java\com\kaatha\auth_service\service\AuthService.java
[INFO] 	Stale source detected: C:\Users\Amulya Dammoju\OneDrive\Desktop\sohan_git\auth-service\src\main\java\com\kaatha\auth_service\entity\OtpVerification.java
[INFO] 	Stale source detected: C:\Users\Amulya Dammoju\OneDrive\Desktop\sohan_git\auth-service\src\main\java\com\kaatha\auth_service\service\OtpService.java
[INFO] 	Stale source detected: C:\Users\Amulya Dammoju\OneDrive\Desktop\sohan_git\auth-service\src\main\java\com\kaatha\auth_service\dto\response\TokenResponse.java
[INFO] Recompiling the module because of changed source code.
[DEBUG] Classpath:
[DEBUG]  C:\Users\Amulya Dammoju\OneDrive\Desktop\sohan_git\auth-service\target\classes
[DEBUG]  C:\Users\Amulya Dammoju\.m2\repository\org\springframework\boot\spring-boot-starter-actuator\3.5.15\spring-boot-starter-actuator-3.5.15.jar
[DEBUG]  C:\Users\Amulya Dammoju\.m2\repository\org\springframework\boot\spring-boot-starter\3.5.15\spring-boot-starter-3.5.15.jar
[DEBUG]  C:\Users\Amulya Dammoju\.m2\repository\org\springframework\boot\spring-boot-starter-logging\3.5.15\spring-boot-starter-logging-3.5.15.jar
[DEBUG]  C:\Users\Amulya Dammoju\.m2\repository\ch\qos\logback\logback-classic\1.5.34\logback-classic-1.5.34.jar
[DEBUG]  C:\Users\Amulya Dammoju\.m2\repository\ch\qos\logback\logback-core\1.5.34\logback-core-1.5.34.jar
[DEBUG]  C:\Users\Amulya Dammoju\.m2\repository\org\apache\logging\log4j\log4j-to-slf4j\2.24.3\log4j-to-slf4j-2.24.3.jar
[DEBUG]  C:\Users\Amulya Dammoju\.m2\repository\org\apache\logging\log4j\log4j-api\2.24.3\log4j-api-2.24.3.jar
[DEBUG]  C:\Users\Amulya Dammoju\.m2\repository\org\slf4j\jul-to-slf4j\2.0.18\jul-to-slf4j-2.0.18.jar
[DEBUG]  C:\Users\Amulya Dammoju\.m2\repository\jakarta\annotation\jakarta.annotation-api\2.1.1\jakarta.annotation-api-2.1.1.jar
[DEBUG]  C:\Users\Amulya Dammoju\.m2\repository\org\yaml\snakeyaml\2.4\snakeyaml-2.4.jar
[DEBUG]  C:\Users\Amulya Dammoju\.m2\repository\org\springframework\boot\spring-boot-actuator-autoconfigure\3.5.15\spring-boot-actuator-autoconfigure-3.5.15.jar
[DEBUG]  C:\Users\Amulya Dammoju\.m2\repository\org\springframework\boot\spring-boot-actuator\3.5.15\spring-boot-actuator-3.5.15.jar
[DEBUG]  C:\Users\Amulya Dammoju\.m2\repository\com\fasterxml\jackson\datatype\jackson-datatype-jsr310\2.21.4\jackson-datatype-jsr310-2.21.4.jar
[DEBUG]  C:\Users\Amulya Dammoju\.m2\repository\io\micrometer\micrometer-observation\1.15.12\micrometer-observation-1.15.12.jar
[DEBUG]  C:\Users\Amulya Dammoju\.m2\repository\io\micrometer\micrometer-commons\1.15.12\micrometer-commons-1.15.12.jar
[DEBUG]  C:\Users\Amulya Dammoju\.m2\repository\io\micrometer\micrometer-jakarta9\1.15.12\micrometer-jakarta9-1.15.12.jar
[DEBUG]  C:\Users\Amulya Dammoju\.m2\repository\io\micrometer\micrometer-core\1.15.12\micrometer-core-1.15.12.jar
[DEBUG]  C:\Users\Amulya Dammoju\.m2\repository\org\springframework\boot\spring-boot-starter-data-jpa\3.5.15\spring-boot-starter-data-jpa-3.5.15.jar
[DEBUG]  C:\Users\Amulya Dammoju\.m2\repository\org\springframework\boot\spring-boot-starter-jdbc\3.5.15\spring-boot-starter-jdbc-3.5.15.jar
[DEBUG]  C:\Users\Amulya Dammoju\.m2\repository\com\zaxxer\HikariCP\6.3.3\HikariCP-6.3.3.jar
[DEBUG]  C:\Users\Amulya Dammoju\.m2\repository\org\springframework\spring-jdbc\6.2.19\spring-jdbc-6.2.19.jar
[DEBUG]  C:\Users\Amulya Dammoju\.m2\repository\org\hibernate\orm\hibernate-core\6.6.53.Final\hibernate-core-6.6.53.Final.jar
[DEBUG]  C:\Users\Amulya Dammoju\.m2\repository\jakarta\persistence\jakarta.persistence-api\3.1.0\jakarta.persistence-api-3.1.0.jar
[DEBUG]  C:\Users\Amulya Dammoju\.m2\repository\jakarta\transaction\jakarta.transaction-api\2.0.1\jakarta.transaction-api-2.0.1.jar
[DEBUG]  C:\Users\Amulya Dammoju\.m2\repository\org\jboss\logging\jboss-logging\3.6.3.Final\jboss-logging-3.6.3.Final.jar
[DEBUG]  C:\Users\Amulya Dammoju\.m2\repository\com\fasterxml\classmate\1.7.3\classmate-1.7.3.jar
[DEBUG]  C:\Users\Amulya Dammoju\.m2\repository\jakarta\inject\jakarta.inject-api\2.0.1\jakarta.inject-api-2.0.1.jar
[DEBUG]  C:\Users\Amulya Dammoju\.m2\repository\org\antlr\antlr4-runtime\4.13.2\antlr4-runtime-4.13.2.jar
[DEBUG]  C:\Users\Amulya Dammoju\.m2\repository\org\springframework\data\spring-data-jpa\3.5.12\spring-data-jpa-3.5.12.jar
[DEBUG]  C:\Users\Amulya Dammoju\.m2\repository\org\springframework\data\spring-data-commons\3.5.12\spring-data-commons-3.5.12.jar
[DEBUG]  C:\Users\Amulya Dammoju\.m2\repository\org\springframework\spring-orm\6.2.19\spring-orm-6.2.19.jar
[DEBUG]  C:\Users\Amulya Dammoju\.m2\repository\org\springframework\spring-context\6.2.19\spring-context-6.2.19.jar
[DEBUG]  C:\Users\Amulya Dammoju\.m2\repository\org\springframework\spring-tx\6.2.19\spring-tx-6.2.19.jar
[DEBUG]  C:\Users\Amulya Dammoju\.m2\repository\org\springframework\spring-beans\6.2.19\spring-beans-6.2.19.jar
[DEBUG]  C:\Users\Amulya Dammoju\.m2\repository\org\slf4j\slf4j-api\2.0.18\slf4j-api-2.0.18.jar
[DEBUG]  C:\Users\Amulya Dammoju\.m2\repository\org\springframework\spring-aspects\6.2.19\spring-aspects-6.2.19.jar
[DEBUG]  C:\Users\Amulya Dammoju\.m2\repository\org\aspectj\aspectjweaver\1.9.25.1\aspectjweaver-1.9.25.1.jar
[DEBUG]  C:\Users\Amulya Dammoju\.m2\repository\org\springframework\boot\spring-boot-starter-security\3.5.15\spring-boot-starter-security-3.5.15.jar
[DEBUG]  C:\Users\Amulya Dammoju\.m2\repository\org\springframework\spring-aop\6.2.19\spring-aop-6.2.19.jar
[DEBUG]  C:\Users\Amulya Dammoju\.m2\repository\org\springframework\security\spring-security-config\6.5.11\spring-security-config-6.5.11.jar
[DEBUG]  C:\Users\Amulya Dammoju\.m2\repository\org\springframework\security\spring-security-web\6.5.11\spring-security-web-6.5.11.jar
[DEBUG]  C:\Users\Amulya Dammoju\.m2\repository\org\springframework\spring-expression\6.2.19\spring-expression-6.2.19.jar
[DEBUG]  C:\Users\Amulya Dammoju\.m2\repository\org\springframework\boot\spring-boot-starter-validation\3.5.15\spring-boot-starter-validation-3.5.15.jar
[DEBUG]  C:\Users\Amulya Dammoju\.m2\repository\org\apache\tomcat\embed\tomcat-embed-el\10.1.55\tomcat-embed-el-10.1.55.jar
[DEBUG]  C:\Users\Amulya Dammoju\.m2\repository\org\hibernate\validator\hibernate-validator\8.0.3.Final\hibernate-validator-8.0.3.Final.jar
[DEBUG]  C:\Users\Amulya Dammoju\.m2\repository\jakarta\validation\jakarta.validation-api\3.0.2\jakarta.validation-api-3.0.2.jar
[DEBUG]  C:\Users\Amulya Dammoju\.m2\repository\org\springframework\cloud\spring-cloud-starter-openfeign\4.3.3\spring-cloud-starter-openfeign-4.3.3.jar
[DEBUG]  C:\Users\Amulya Dammoju\.m2\repository\org\springframework\cloud\spring-cloud-starter\4.3.3\spring-cloud-starter-4.3.3.jar
[DEBUG]  C:\Users\Amulya Dammoju\.m2\repository\org\springframework\cloud\spring-cloud-context\4.3.3\spring-cloud-context-4.3.3.jar
[DEBUG]  C:\Users\Amulya Dammoju\.m2\repository\org\bouncycastle\bcprov-jdk18on\1.80.2\bcprov-jdk18on-1.80.2.jar
[DEBUG]  C:\Users\Amulya Dammoju\.m2\repository\org\springframework\cloud\spring-cloud-openfeign-core\4.3.3\spring-cloud-openfeign-core-4.3.3.jar
[DEBUG]  C:\Users\Amulya Dammoju\.m2\repository\io\github\openfeign\feign-form-spring\13.6.1\feign-form-spring-13.6.1.jar
[DEBUG]  C:\Users\Amulya Dammoju\.m2\repository\org\apache\commons\commons-text\1.13.0\commons-text-1.13.0.jar
[DEBUG]  C:\Users\Amulya Dammoju\.m2\repository\org\apache\commons\commons-lang3\3.17.0\commons-lang3-3.17.0.jar
[DEBUG]  C:\Users\Amulya Dammoju\.m2\repository\io\github\openfeign\feign-form\13.6.1\feign-form-13.6.1.jar
[DEBUG]  C:\Users\Amulya Dammoju\.m2\repository\commons-fileupload\commons-fileupload\1.6.0\commons-fileupload-1.6.0.jar
[DEBUG]  C:\Users\Amulya Dammoju\.m2\repository\org\springframework\spring-web\6.2.19\spring-web-6.2.19.jar
[DEBUG]  C:\Users\Amulya Dammoju\.m2\repository\org\springframework\cloud\spring-cloud-commons\4.3.3\spring-cloud-commons-4.3.3.jar
[DEBUG]  C:\Users\Amulya Dammoju\.m2\repository\org\springframework\security\spring-security-crypto\6.5.11\spring-security-crypto-6.5.11.jar
[DEBUG]  C:\Users\Amulya Dammoju\.m2\repository\io\github\openfeign\feign-core\13.6.1\feign-core-13.6.1.jar
[DEBUG]  C:\Users\Amulya Dammoju\.m2\repository\io\github\openfeign\feign-slf4j\13.6.1\feign-slf4j-13.6.1.jar
[DEBUG]  C:\Users\Amulya Dammoju\.m2\repository\org\springframework\boot\spring-boot-starter-web\3.5.15\spring-boot-starter-web-3.5.15.jar
[DEBUG]  C:\Users\Amulya Dammoju\.m2\repository\org\springframework\boot\spring-boot-starter-json\3.5.15\spring-boot-starter-json-3.5.15.jar
[DEBUG]  C:\Users\Amulya Dammoju\.m2\repository\com\fasterxml\jackson\datatype\jackson-datatype-jdk8\2.21.4\jackson-datatype-jdk8-2.21.4.jar
[DEBUG]  C:\Users\Amulya Dammoju\.m2\repository\com\fasterxml\jackson\module\jackson-module-parameter-names\2.21.4\jackson-module-parameter-names-2.21.4.jar
[DEBUG]  C:\Users\Amulya Dammoju\.m2\repository\org\springframework\boot\spring-boot-starter-tomcat\3.5.15\spring-boot-starter-tomcat-3.5.15.jar
[DEBUG]  C:\Users\Amulya Dammoju\.m2\repository\org\apache\tomcat\embed\tomcat-embed-core\10.1.55\tomcat-embed-core-10.1.55.jar
[DEBUG]  C:\Users\Amulya Dammoju\.m2\repository\org\apache\tomcat\embed\tomcat-embed-websocket\10.1.55\tomcat-embed-websocket-10.1.55.jar
[DEBUG]  C:\Users\Amulya Dammoju\.m2\repository\org\springframework\spring-webmvc\6.2.19\spring-webmvc-6.2.19.jar
[DEBUG]  C:\Users\Amulya Dammoju\.m2\repository\org\springframework\cloud\spring-cloud-starter-netflix-eureka-client\4.3.3\spring-cloud-starter-netflix-eureka-client-4.3.3.jar
[DEBUG]  C:\Users\Amulya Dammoju\.m2\repository\org\springframework\cloud\spring-cloud-netflix-eureka-client\4.3.3\spring-cloud-netflix-eureka-client-4.3.3.jar
[DEBUG]  C:\Users\Amulya Dammoju\.m2\repository\org\apache\httpcomponents\client5\httpclient5\5.5.2\httpclient5-5.5.2.jar
[DEBUG]  C:\Users\Amulya Dammoju\.m2\repository\org\apache\httpcomponents\core5\httpcore5\5.3.6\httpcore5-5.3.6.jar
[DEBUG]  C:\Users\Amulya Dammoju\.m2\repository\org\apache\httpcomponents\core5\httpcore5-h2\5.3.6\httpcore5-h2-5.3.6.jar
[DEBUG]  C:\Users\Amulya Dammoju\.m2\repository\com\netflix\eureka\eureka-client\2.0.6\eureka-client-2.0.6.jar
[DEBUG]  C:\Users\Amulya Dammoju\.m2\repository\com\thoughtworks\xstream\xstream\1.4.21\xstream-1.4.21.jar
[DEBUG]  C:\Users\Amulya Dammoju\.m2\repository\io\github\x-stream\mxparser\1.2.2\mxparser-1.2.2.jar
[DEBUG]  C:\Users\Amulya Dammoju\.m2\repository\xmlpull\xmlpull\1.1.3.1\xmlpull-1.1.3.1.jar
[DEBUG]  C:\Users\Amulya Dammoju\.m2\repository\jakarta\ws\rs\jakarta.ws.rs-api\3.1.0\jakarta.ws.rs-api-3.1.0.jar
[DEBUG]  C:\Users\Amulya Dammoju\.m2\repository\com\netflix\spectator\spectator-api\1.7.3\spectator-api-1.7.3.jar
[DEBUG]  C:\Users\Amulya Dammoju\.m2\repository\org\apache\httpcomponents\httpclient\4.5.3\httpclient-4.5.3.jar
[DEBUG]  C:\Users\Amulya Dammoju\.m2\repository\org\apache\httpcomponents\httpcore\4.4.16\httpcore-4.4.16.jar
[DEBUG]  C:\Users\Amulya Dammoju\.m2\repository\commons-codec\commons-codec\1.18.0\commons-codec-1.18.0.jar
[DEBUG]  C:\Users\Amulya Dammoju\.m2\repository\com\fasterxml\jackson\core\jackson-annotations\2.21\jackson-annotations-2.21.jar
[DEBUG]  C:\Users\Amulya Dammoju\.m2\repository\com\fasterxml\jackson\core\jackson-core\2.21.4\jackson-core-2.21.4.jar
[DEBUG]  C:\Users\Amulya Dammoju\.m2\repository\org\springframework\cloud\spring-cloud-starter-loadbalancer\4.3.3\spring-cloud-starter-loadbalancer-4.3.3.jar
[DEBUG]  C:\Users\Amulya Dammoju\.m2\repository\org\springframework\cloud\spring-cloud-loadbalancer\4.3.3\spring-cloud-loadbalancer-4.3.3.jar
[DEBUG]  C:\Users\Amulya Dammoju\.m2\repository\io\projectreactor\addons\reactor-extra\3.5.5\reactor-extra-3.5.5.jar
[DEBUG]  C:\Users\Amulya Dammoju\.m2\repository\org\springframework\boot\spring-boot-starter-cache\3.5.15\spring-boot-starter-cache-3.5.15.jar
[DEBUG]  C:\Users\Amulya Dammoju\.m2\repository\com\stoyanr\evictor\1.0.0\evictor-1.0.0.jar
[DEBUG]  C:\Users\Amulya Dammoju\.m2\repository\org\springframework\boot\spring-boot\3.5.15\spring-boot-3.5.15.jar
[DEBUG]  C:\Users\Amulya Dammoju\.m2\repository\org\springframework\boot\spring-boot-autoconfigure\3.5.15\spring-boot-autoconfigure-3.5.15.jar
[DEBUG]  C:\Users\Amulya Dammoju\.m2\repository\org\springframework\spring-core\6.2.19\spring-core-6.2.19.jar
[DEBUG]  C:\Users\Amulya Dammoju\.m2\repository\org\springframework\spring-jcl\6.2.19\spring-jcl-6.2.19.jar
[DEBUG]  C:\Users\Amulya Dammoju\.m2\repository\org\springframework\security\spring-security-core\6.5.11\spring-security-core-6.5.11.jar
[DEBUG]  C:\Users\Amulya Dammoju\.m2\repository\org\projectlombok\lombok\1.18.46\lombok-1.18.46.jar
[DEBUG]  C:\Users\Amulya Dammoju\.m2\repository\org\springframework\boot\spring-boot-starter-data-redis\3.5.15\spring-boot-starter-data-redis-3.5.15.jar
[DEBUG]  C:\Users\Amulya Dammoju\.m2\repository\io\lettuce\lettuce-core\6.6.0.RELEASE\lettuce-core-6.6.0.RELEASE.jar
[DEBUG]  C:\Users\Amulya Dammoju\.m2\repository\redis\clients\authentication\redis-authx-core\0.1.1-beta2\redis-authx-core-0.1.1-beta2.jar
[DEBUG]  C:\Users\Amulya Dammoju\.m2\repository\io\netty\netty-common\4.1.135.Final\netty-common-4.1.135.Final.jar
[DEBUG]  C:\Users\Amulya Dammoju\.m2\repository\io\netty\netty-handler\4.1.135.Final\netty-handler-4.1.135.Final.jar
[DEBUG]  C:\Users\Amulya Dammoju\.m2\repository\io\netty\netty-resolver\4.1.135.Final\netty-resolver-4.1.135.Final.jar
[DEBUG]  C:\Users\Amulya Dammoju\.m2\repository\io\netty\netty-buffer\4.1.135.Final\netty-buffer-4.1.135.Final.jar
[DEBUG]  C:\Users\Amulya Dammoju\.m2\repository\io\netty\netty-transport-native-unix-common\4.1.135.Final\netty-transport-native-unix-common-4.1.135.Final.jar
[DEBUG]  C:\Users\Amulya Dammoju\.m2\repository\io\netty\netty-codec\4.1.135.Final\netty-codec-4.1.135.Final.jar
[DEBUG]  C:\Users\Amulya Dammoju\.m2\repository\io\netty\netty-transport\4.1.135.Final\netty-transport-4.1.135.Final.jar
[DEBUG]  C:\Users\Amulya Dammoju\.m2\repository\io\projectreactor\reactor-core\3.7.19\reactor-core-3.7.19.jar
[DEBUG]  C:\Users\Amulya Dammoju\.m2\repository\org\reactivestreams\reactive-streams\1.0.4\reactive-streams-1.0.4.jar
[DEBUG]  C:\Users\Amulya Dammoju\.m2\repository\org\springframework\data\spring-data-redis\3.5.12\spring-data-redis-3.5.12.jar
[DEBUG]  C:\Users\Amulya Dammoju\.m2\repository\org\springframework\data\spring-data-keyvalue\3.5.12\spring-data-keyvalue-3.5.12.jar
[DEBUG]  C:\Users\Amulya Dammoju\.m2\repository\org\springframework\spring-oxm\6.2.19\spring-oxm-6.2.19.jar
[DEBUG]  C:\Users\Amulya Dammoju\.m2\repository\org\springframework\spring-context-support\6.2.19\spring-context-support-6.2.19.jar
[DEBUG]  C:\Users\Amulya Dammoju\.m2\repository\io\jsonwebtoken\jjwt-api\0.12.5\jjwt-api-0.12.5.jar
[DEBUG]  C:\Users\Amulya Dammoju\.m2\repository\com\fasterxml\jackson\core\jackson-databind\2.21.4\jackson-databind-2.21.4.jar
[DEBUG] Source roots:
[DEBUG]  C:\Users\Amulya Dammoju\OneDrive\Desktop\sohan_git\auth-service\src\main\java
[DEBUG] Command line options:
[DEBUG] -d C:\Users\Amulya Dammoju\OneDrive\Desktop\sohan_git\auth-service\target\classes -classpath C:\Users\Amulya Dammoju\OneDrive\Desktop\sohan_git\auth-service\target\classes;C:\Users\Amulya Dammoju\.m2\repository\org\springframework\boot\spring-boot-starter-actuator\3.5.15\spring-boot-starter-actuator-3.5.15.jar;C:\Users\Amulya Dammoju\.m2\repository\org\springframework\boot\spring-boot-starter\3.5.15\spring-boot-starter-3.5.15.jar;C:\Users\Amulya Dammoju\.m2\repository\org\springframework\boot\spring-boot-starter-logging\3.5.15\spring-boot-starter-logging-3.5.15.jar;C:\Users\Amulya Dammoju\.m2\repository\ch\qos\logback\logback-classic\1.5.34\logback-classic-1.5.34.jar;C:\Users\Amulya Dammoju\.m2\repository\ch\qos\logback\logback-core\1.5.34\logback-core-1.5.34.jar;C:\Users\Amulya Dammoju\.m2\repository\org\apache\logging\log4j\log4j-to-slf4j\2.24.3\log4j-to-slf4j-2.24.3.jar;C:\Users\Amulya Dammoju\.m2\repository\org\apache\logging\log4j\log4j-api\2.24.3\log4j-api-2.24.3.jar;C:\Users\Amulya Dammoju\.m2\repository\org\slf4j\jul-to-slf4j\2.0.18\jul-to-slf4j-2.0.18.jar;C:\Users\Amulya Dammoju\.m2\repository\jakarta\annotation\jakarta.annotation-api\2.1.1\jakarta.annotation-api-2.1.1.jar;C:\Users\Amulya Dammoju\.m2\repository\org\yaml\snakeyaml\2.4\snakeyaml-2.4.jar;C:\Users\Amulya Dammoju\.m2\repository\org\springframework\boot\spring-boot-actuator-autoconfigure\3.5.15\spring-boot-actuator-autoconfigure-3.5.15.jar;C:\Users\Amulya Dammoju\.m2\repository\org\springframework\boot\spring-boot-actuator\3.5.15\spring-boot-actuator-3.5.15.jar;C:\Users\Amulya Dammoju\.m2\repository\com\fasterxml\jackson\datatype\jackson-datatype-jsr310\2.21.4\jackson-datatype-jsr310-2.21.4.jar;C:\Users\Amulya Dammoju\.m2\repository\io\micrometer\micrometer-observation\1.15.12\micrometer-observation-1.15.12.jar;C:\Users\Amulya Dammoju\.m2\repository\io\micrometer\micrometer-commons\1.15.12\micrometer-commons-1.15.12.jar;C:\Users\Amulya Dammoju\.m2\repository\io\micrometer\micrometer-jakarta9\1.15.12\micrometer-jakarta9-1.15.12.jar;C:\Users\Amulya Dammoju\.m2\repository\io\micrometer\micrometer-core\1.15.12\micrometer-core-1.15.12.jar;C:\Users\Amulya Dammoju\.m2\repository\org\springframework\boot\spring-boot-starter-data-jpa\3.5.15\spring-boot-starter-data-jpa-3.5.15.jar;C:\Users\Amulya Dammoju\.m2\repository\org\springframework\boot\spring-boot-starter-jdbc\3.5.15\spring-boot-starter-jdbc-3.5.15.jar;C:\Users\Amulya Dammoju\.m2\repository\com\zaxxer\HikariCP\6.3.3\HikariCP-6.3.3.jar;C:\Users\Amulya Dammoju\.m2\repository\org\springframework\spring-jdbc\6.2.19\spring-jdbc-6.2.19.jar;C:\Users\Amulya Dammoju\.m2\repository\org\hibernate\orm\hibernate-core\6.6.53.Final\hibernate-core-6.6.53.Final.jar;C:\Users\Amulya Dammoju\.m2\repository\jakarta\persistence\jakarta.persistence-api\3.1.0\jakarta.persistence-api-3.1.0.jar;C:\Users\Amulya Dammoju\.m2\repository\jakarta\transaction\jakarta.transaction-api\2.0.1\jakarta.transaction-api-2.0.1.jar;C:\Users\Amulya Dammoju\.m2\repository\org\jboss\logging\jboss-logging\3.6.3.Final\jboss-logging-3.6.3.Final.jar;C:\Users\Amulya Dammoju\.m2\repository\com\fasterxml\classmate\1.7.3\classmate-1.7.3.jar;C:\Users\Amulya Dammoju\.m2\repository\jakarta\inject\jakarta.inject-api\2.0.1\jakarta.inject-api-2.0.1.jar;C:\Users\Amulya Dammoju\.m2\repository\org\antlr\antlr4-runtime\4.13.2\antlr4-runtime-4.13.2.jar;C:\Users\Amulya Dammoju\.m2\repository\org\springframework\data\spring-data-jpa\3.5.12\spring-data-jpa-3.5.12.jar;C:\Users\Amulya Dammoju\.m2\repository\org\springframework\data\spring-data-commons\3.5.12\spring-data-commons-3.5.12.jar;C:\Users\Amulya Dammoju\.m2\repository\org\springframework\spring-orm\6.2.19\spring-orm-6.2.19.jar;C:\Users\Amulya Dammoju\.m2\repository\org\springframework\spring-context\6.2.19\spring-context-6.2.19.jar;C:\Users\Amulya Dammoju\.m2\repository\org\springframework\spring-tx\6.2.19\spring-tx-6.2.19.jar;C:\Users\Amulya Dammoju\.m2\repository\org\springframework\spring-beans\6.2.19\spring-beans-6.2.19.jar;C:\Users\Amulya Dammoju\.m2\repository\org\slf4j\slf4j-api\2.0.18\slf4j-api-2.0.18.jar;C:\Users\Amulya Dammoju\.m2\repository\org\springframework\spring-aspects\6.2.19\spring-aspects-6.2.19.jar;C:\Users\Amulya Dammoju\.m2\repository\org\aspectj\aspectjweaver\1.9.25.1\aspectjweaver-1.9.25.1.jar;C:\Users\Amulya Dammoju\.m2\repository\org\springframework\boot\spring-boot-starter-security\3.5.15\spring-boot-starter-security-3.5.15.jar;C:\Users\Amulya Dammoju\.m2\repository\org\springframework\spring-aop\6.2.19\spring-aop-6.2.19.jar;C:\Users\Amulya Dammoju\.m2\repository\org\springframework\security\spring-security-config\6.5.11\spring-security-config-6.5.11.jar;C:\Users\Amulya Dammoju\.m2\repository\org\springframework\security\spring-security-web\6.5.11\spring-security-web-6.5.11.jar;C:\Users\Amulya Dammoju\.m2\repository\org\springframework\spring-expression\6.2.19\spring-expression-6.2.19.jar;C:\Users\Amulya Dammoju\.m2\repository\org\springframework\boot\spring-boot-starter-validation\3.5.15\spring-boot-starter-validation-3.5.15.jar;C:\Users\Amulya Dammoju\.m2\repository\org\apache\tomcat\embed\tomcat-embed-el\10.1.55\tomcat-embed-el-10.1.55.jar;C:\Users\Amulya Dammoju\.m2\repository\org\hibernate\validator\hibernate-validator\8.0.3.Final\hibernate-validator-8.0.3.Final.jar;C:\Users\Amulya Dammoju\.m2\repository\jakarta\validation\jakarta.validation-api\3.0.2\jakarta.validation-api-3.0.2.jar;C:\Users\Amulya Dammoju\.m2\repository\org\springframework\cloud\spring-cloud-starter-openfeign\4.3.3\spring-cloud-starter-openfeign-4.3.3.jar;C:\Users\Amulya Dammoju\.m2\repository\org\springframework\cloud\spring-cloud-starter\4.3.3\spring-cloud-starter-4.3.3.jar;C:\Users\Amulya Dammoju\.m2\repository\org\springframework\cloud\spring-cloud-context\4.3.3\spring-cloud-context-4.3.3.jar;C:\Users\Amulya Dammoju\.m2\repository\org\bouncycastle\bcprov-jdk18on\1.80.2\bcprov-jdk18on-1.80.2.jar;C:\Users\Amulya Dammoju\.m2\repository\org\springframework\cloud\spring-cloud-openfeign-core\4.3.3\spring-cloud-openfeign-core-4.3.3.jar;C:\Users\Amulya Dammoju\.m2\repository\io\github\openfeign\feign-form-spring\13.6.1\feign-form-spring-13.6.1.jar;C:\Users\Amulya Dammoju\.m2\repository\org\apache\commons\commons-text\1.13.0\commons-text-1.13.0.jar;C:\Users\Amulya Dammoju\.m2\repository\org\apache\commons\commons-lang3\3.17.0\commons-lang3-3.17.0.jar;C:\Users\Amulya Dammoju\.m2\repository\io\github\openfeign\feign-form\13.6.1\feign-form-13.6.1.jar;C:\Users\Amulya Dammoju\.m2\repository\commons-fileupload\commons-fileupload\1.6.0\commons-fileupload-1.6.0.jar;C:\Users\Amulya Dammoju\.m2\repository\org\springframework\spring-web\6.2.19\spring-web-6.2.19.jar;C:\Users\Amulya Dammoju\.m2\repository\org\springframework\cloud\spring-cloud-commons\4.3.3\spring-cloud-commons-4.3.3.jar;C:\Users\Amulya Dammoju\.m2\repository\org\springframework\security\spring-security-crypto\6.5.11\spring-security-crypto-6.5.11.jar;C:\Users\Amulya Dammoju\.m2\repository\io\github\openfeign\feign-core\13.6.1\feign-core-13.6.1.jar;C:\Users\Amulya Dammoju\.m2\repository\io\github\openfeign\feign-slf4j\13.6.1\feign-slf4j-13.6.1.jar;C:\Users\Amulya Dammoju\.m2\repository\org\springframework\boot\spring-boot-starter-web\3.5.15\spring-boot-starter-web-3.5.15.jar;C:\Users\Amulya Dammoju\.m2\repository\org\springframework\boot\spring-boot-starter-json\3.5.15\spring-boot-starter-json-3.5.15.jar;C:\Users\Amulya Dammoju\.m2\repository\com\fasterxml\jackson\datatype\jackson-datatype-jdk8\2.21.4\jackson-datatype-jdk8-2.21.4.jar;C:\Users\Amulya Dammoju\.m2\repository\com\fasterxml\jackson\module\jackson-module-parameter-names\2.21.4\jackson-module-parameter-names-2.21.4.jar;C:\Users\Amulya Dammoju\.m2\repository\org\springframework\boot\spring-boot-starter-tomcat\3.5.15\spring-boot-starter-tomcat-3.5.15.jar;C:\Users\Amulya Dammoju\.m2\repository\org\apache\tomcat\embed\tomcat-embed-core\10.1.55\tomcat-embed-core-10.1.55.jar;C:\Users\Amulya Dammoju\.m2\repository\org\apache\tomcat\embed\tomcat-embed-websocket\10.1.55\tomcat-embed-websocket-10.1.55.jar;C:\Users\Amulya Dammoju\.m2\repository\org\springframework\spring-webmvc\6.2.19\spring-webmvc-6.2.19.jar;C:\Users\Amulya Dammoju\.m2\repository\org\springframework\cloud\spring-cloud-starter-netflix-eureka-client\4.3.3\spring-cloud-starter-netflix-eureka-client-4.3.3.jar;C:\Users\Amulya Dammoju\.m2\repository\org\springframework\cloud\spring-cloud-netflix-eureka-client\4.3.3\spring-cloud-netflix-eureka-client-4.3.3.jar;C:\Users\Amulya Dammoju\.m2\repository\org\apache\httpcomponents\client5\httpclient5\5.5.2\httpclient5-5.5.2.jar;C:\Users\Amulya Dammoju\.m2\repository\org\apache\httpcomponents\core5\httpcore5\5.3.6\httpcore5-5.3.6.jar;C:\Users\Amulya Dammoju\.m2\repository\org\apache\httpcomponents\core5\httpcore5-h2\5.3.6\httpcore5-h2-5.3.6.jar;C:\Users\Amulya Dammoju\.m2\repository\com\netflix\eureka\eureka-client\2.0.6\eureka-client-2.0.6.jar;C:\Users\Amulya Dammoju\.m2\repository\com\thoughtworks\xstream\xstream\1.4.21\xstream-1.4.21.jar;C:\Users\Amulya Dammoju\.m2\repository\io\github\x-stream\mxparser\1.2.2\mxparser-1.2.2.jar;C:\Users\Amulya Dammoju\.m2\repository\xmlpull\xmlpull\1.1.3.1\xmlpull-1.1.3.1.jar;C:\Users\Amulya Dammoju\.m2\repository\jakarta\ws\rs\jakarta.ws.rs-api\3.1.0\jakarta.ws.rs-api-3.1.0.jar;C:\Users\Amulya Dammoju\.m2\repository\com\netflix\spectator\spectator-api\1.7.3\spectator-api-1.7.3.jar;C:\Users\Amulya Dammoju\.m2\repository\org\apache\httpcomponents\httpclient\4.5.3\httpclient-4.5.3.jar;C:\Users\Amulya Dammoju\.m2\repository\org\apache\httpcomponents\httpcore\4.4.16\httpcore-4.4.16.jar;C:\Users\Amulya Dammoju\.m2\repository\commons-codec\commons-codec\1.18.0\commons-codec-1.18.0.jar;C:\Users\Amulya Dammoju\.m2\repository\com\fasterxml\jackson\core\jackson-annotations\2.21\jackson-annotations-2.21.jar;C:\Users\Amulya Dammoju\.m2\repository\com\fasterxml\jackson\core\jackson-core\2.21.4\jackson-core-2.21.4.jar;C:\Users\Amulya Dammoju\.m2\repository\org\springframework\cloud\spring-cloud-starter-loadbalancer\4.3.3\spring-cloud-starter-loadbalancer-4.3.3.jar;C:\Users\Amulya Dammoju\.m2\repository\org\springframework\cloud\spring-cloud-loadbalancer\4.3.3\spring-cloud-loadbalancer-4.3.3.jar;C:\Users\Amulya Dammoju\.m2\repository\io\projectreactor\addons\reactor-extra\3.5.5\reactor-extra-3.5.5.jar;C:\Users\Amulya Dammoju\.m2\repository\org\springframework\boot\spring-boot-starter-cache\3.5.15\spring-boot-starter-cache-3.5.15.jar;C:\Users\Amulya Dammoju\.m2\repository\com\stoyanr\evictor\1.0.0\evictor-1.0.0.jar;C:\Users\Amulya Dammoju\.m2\repository\org\springframework\boot\spring-boot\3.5.15\spring-boot-3.5.15.jar;C:\Users\Amulya Dammoju\.m2\repository\org\springframework\boot\spring-boot-autoconfigure\3.5.15\spring-boot-autoconfigure-3.5.15.jar;C:\Users\Amulya Dammoju\.m2\repository\org\springframework\spring-core\6.2.19\spring-core-6.2.19.jar;C:\Users\Amulya Dammoju\.m2\repository\org\springframework\spring-jcl\6.2.19\spring-jcl-6.2.19.jar;C:\Users\Amulya Dammoju\.m2\repository\org\springframework\security\spring-security-core\6.5.11\spring-security-core-6.5.11.jar;C:\Users\Amulya Dammoju\.m2\repository\org\projectlombok\lombok\1.18.46\lombok-1.18.46.jar;C:\Users\Amulya Dammoju\.m2\repository\org\springframework\boot\spring-boot-starter-data-redis\3.5.15\spring-boot-starter-data-redis-3.5.15.jar;C:\Users\Amulya Dammoju\.m2\repository\io\lettuce\lettuce-core\6.6.0.RELEASE\lettuce-core-6.6.0.RELEASE.jar;C:\Users\Amulya Dammoju\.m2\repository\redis\clients\authentication\redis-authx-core\0.1.1-beta2\redis-authx-core-0.1.1-beta2.jar;C:\Users\Amulya Dammoju\.m2\repository\io\netty\netty-common\4.1.135.Final\netty-common-4.1.135.Final.jar;C:\Users\Amulya Dammoju\.m2\repository\io\netty\netty-handler\4.1.135.Final\netty-handler-4.1.135.Final.jar;C:\Users\Amulya Dammoju\.m2\repository\io\netty\netty-resolver\4.1.135.Final\netty-resolver-4.1.135.Final.jar;C:\Users\Amulya Dammoju\.m2\repository\io\netty\netty-buffer\4.1.135.Final\netty-buffer-4.1.135.Final.jar;C:\Users\Amulya Dammoju\.m2\repository\io\netty\netty-transport-native-unix-common\4.1.135.Final\netty-transport-native-unix-common-4.1.135.Final.jar;C:\Users\Amulya Dammoju\.m2\repository\io\netty\netty-codec\4.1.135.Final\netty-codec-4.1.135.Final.jar;C:\Users\Amulya Dammoju\.m2\repository\io\netty\netty-transport\4.1.135.Final\netty-transport-4.1.135.Final.jar;C:\Users\Amulya Dammoju\.m2\repository\io\projectreactor\reactor-core\3.7.19\reactor-core-3.7.19.jar;C:\Users\Amulya Dammoju\.m2\repository\org\reactivestreams\reactive-streams\1.0.4\reactive-streams-1.0.4.jar;C:\Users\Amulya Dammoju\.m2\repository\org\springframework\data\spring-data-redis\3.5.12\spring-data-redis-3.5.12.jar;C:\Users\Amulya Dammoju\.m2\repository\org\springframework\data\spring-data-keyvalue\3.5.12\spring-data-keyvalue-3.5.12.jar;C:\Users\Amulya Dammoju\.m2\repository\org\springframework\spring-oxm\6.2.19\spring-oxm-6.2.19.jar;C:\Users\Amulya Dammoju\.m2\repository\org\springframework\spring-context-support\6.2.19\spring-context-support-6.2.19.jar;C:\Users\Amulya Dammoju\.m2\repository\io\jsonwebtoken\jjwt-api\0.12.5\jjwt-api-0.12.5.jar;C:\Users\Amulya Dammoju\.m2\repository\com\fasterxml\jackson\core\jackson-databind\2.21.4\jackson-databind-2.21.4.jar; -sourcepath C:\Users\Amulya Dammoju\OneDrive\Desktop\sohan_git\auth-service\src\main\java; -s C:\Users\Amulya Dammoju\OneDrive\Desktop\sohan_git\auth-service\target\generated-sources\annotations -g -parameters --release 21 -encoding UTF-8 -XDuseUnsharedTable=true
[DEBUG] incrementalBuildHelper#beforeRebuildExecution
[INFO] Compiling 37 source files with javac [debug parameters release 21] to target\classes
[DEBUG] incrementalBuildHelper#afterRebuildExecution
[INFO] -------------------------------------------------------------
[ERROR] COMPILATION ERROR : 
[INFO] -------------------------------------------------------------
[ERROR] /C:/Users/Amulya Dammoju/OneDrive/Desktop/sohan_git/auth-service/src/main/java/com/kaatha/auth_service/controller/AuthController.java:[29,28] cannot find symbol
  symbol:   method <java.lang.String>builder()
  location: class com.kaatha.auth_service.dto.response.ApiResponse
[ERROR] /C:/Users/Amulya Dammoju/OneDrive/Desktop/sohan_git/auth-service/src/main/java/com/kaatha/auth_service/controller/AuthController.java:[43,28] cannot find symbol
  symbol:   method <com.kaatha.auth_service.dto.response.LoginResponse>builder()
  location: class com.kaatha.auth_service.dto.response.ApiResponse
[ERROR] /C:/Users/Amulya Dammoju/OneDrive/Desktop/sohan_git/auth-service/src/main/java/com/kaatha/auth_service/controller/AuthController.java:[83,45] cannot find symbol
  symbol:   method <com.kaatha.auth_service.dto.response.LoginResponse>builder()
  location: class com.kaatha.auth_service.dto.response.ApiResponse
[ERROR] /C:/Users/Amulya Dammoju/OneDrive/Desktop/sohan_git/auth-service/src/main/java/com/kaatha/auth_service/controller/AuthController.java:[96,28] cannot find symbol
  symbol:   method <java.lang.String>builder()
  location: class com.kaatha.auth_service.dto.response.ApiResponse
[ERROR] /C:/Users/Amulya Dammoju/OneDrive/Desktop/sohan_git/auth-service/src/main/java/com/kaatha/auth_service/exception/GlobalExceptionHandler.java:[14,28] cannot find symbol
  symbol:   method <java.lang.String>builder()
  location: class com.kaatha.auth_service.dto.response.ApiResponse
[ERROR] /C:/Users/Amulya Dammoju/OneDrive/Desktop/sohan_git/auth-service/src/main/java/com/kaatha/auth_service/exception/GlobalExceptionHandler.java:[25,28] cannot find symbol
  symbol:   method <java.lang.String>builder()
  location: class com.kaatha.auth_service.dto.response.ApiResponse
[ERROR] /C:/Users/Amulya Dammoju/OneDrive/Desktop/sohan_git/auth-service/src/main/java/com/kaatha/auth_service/mapper/AuthMapper.java:[11,27] cannot find symbol
  symbol:   method builder()
  location: class com.kaatha.auth_service.entity.UserSession
[ERROR] /C:/Users/Amulya Dammoju/OneDrive/Desktop/sohan_git/auth-service/src/main/java/com/kaatha/auth_service/service/OtpService.java:[44,9] cannot find symbol
  symbol:   variable log
  location: class com.kaatha.auth_service.service.OtpService
[ERROR] /C:/Users/Amulya Dammoju/OneDrive/Desktop/sohan_git/auth-service/src/main/java/com/kaatha/auth_service/service/impl/AuthServiceImpl.java:[43,20] cannot find symbol
  symbol:   method getUserType()
  location: variable request of type com.kaatha.auth_service.dto.request.SendOtpRequest
[ERROR] /C:/Users/Amulya Dammoju/OneDrive/Desktop/sohan_git/auth-service/src/main/java/com/kaatha/auth_service/service/impl/AuthServiceImpl.java:[44,47] cannot find symbol
  symbol:   method getForRegistration()
  location: variable request of type com.kaatha.auth_service.dto.request.SendOtpRequest
[ERROR] /C:/Users/Amulya Dammoju/OneDrive/Desktop/sohan_git/auth-service/src/main/java/com/kaatha/auth_service/service/impl/AuthServiceImpl.java:[45,64] cannot find symbol
  symbol:   method getPhoneNumber()
  location: variable request of type com.kaatha.auth_service.dto.request.SendOtpRequest
[ERROR] /C:/Users/Amulya Dammoju/OneDrive/Desktop/sohan_git/auth-service/src/main/java/com/kaatha/auth_service/service/impl/AuthServiceImpl.java:[49,20] cannot find symbol
  symbol:   method getUserType()
  location: variable request of type com.kaatha.auth_service.dto.request.SendOtpRequest
[ERROR] /C:/Users/Amulya Dammoju/OneDrive/Desktop/sohan_git/auth-service/src/main/java/com/kaatha/auth_service/service/impl/AuthServiceImpl.java:[50,48] cannot find symbol
  symbol:   method getForRegistration()
  location: variable request of type com.kaatha.auth_service.dto.request.SendOtpRequest
[ERROR] /C:/Users/Amulya Dammoju/OneDrive/Desktop/sohan_git/auth-service/src/main/java/com/kaatha/auth_service/service/impl/AuthServiceImpl.java:[51,85] cannot find symbol
  symbol:   method getPhoneNumber()
  location: variable request of type com.kaatha.auth_service.dto.request.SendOtpRequest
[ERROR] /C:/Users/Amulya Dammoju/OneDrive/Desktop/sohan_git/auth-service/src/main/java/com/kaatha/auth_service/service/impl/AuthServiceImpl.java:[52,62] cannot find symbol
  symbol:   method getData()
  location: variable exists of type com.kaatha.auth_service.dto.response.ApiResponse<java.lang.Boolean>
[ERROR] /C:/Users/Amulya Dammoju/OneDrive/Desktop/sohan_git/auth-service/src/main/java/com/kaatha/auth_service/service/impl/AuthServiceImpl.java:[58,57] cannot find symbol
  symbol:   method getPhoneNumber()
  location: variable request of type com.kaatha.auth_service.dto.request.SendOtpRequest
[ERROR] /C:/Users/Amulya Dammoju/OneDrive/Desktop/sohan_git/auth-service/src/main/java/com/kaatha/auth_service/service/impl/AuthServiceImpl.java:[61,68] cannot find symbol
  symbol:   method builder()
  location: class com.kaatha.auth_service.dto.request.NotificationRequest
[ERROR] /C:/Users/Amulya Dammoju/OneDrive/Desktop/sohan_git/auth-service/src/main/java/com/kaatha/auth_service/service/impl/AuthServiceImpl.java:[62,44] cannot find symbol
  symbol:   method getPhoneNumber()
  location: variable request of type com.kaatha.auth_service.dto.request.SendOtpRequest
[ERROR] /C:/Users/Amulya Dammoju/OneDrive/Desktop/sohan_git/auth-service/src/main/java/com/kaatha/auth_service/service/impl/AuthServiceImpl.java:[67,13] cannot find symbol
  symbol:   variable log
  location: class com.kaatha.auth_service.service.impl.AuthServiceImpl
[ERROR] /C:/Users/Amulya Dammoju/OneDrive/Desktop/sohan_git/auth-service/src/main/java/com/kaatha/auth_service/service/impl/AuthServiceImpl.java:[68,13] cannot find symbol
  symbol:   variable log
  location: class com.kaatha.auth_service.service.impl.AuthServiceImpl
[ERROR] /C:/Users/Amulya Dammoju/OneDrive/Desktop/sohan_git/auth-service/src/main/java/com/kaatha/auth_service/service/impl/AuthServiceImpl.java:[68,52] cannot find symbol
  symbol:   method getPhoneNumber()
  location: variable request of type com.kaatha.auth_service.dto.request.SendOtpRequest
[ERROR] /C:/Users/Amulya Dammoju/OneDrive/Desktop/sohan_git/auth-service/src/main/java/com/kaatha/auth_service/service/impl/AuthServiceImpl.java:[76,39] cannot find symbol
  symbol:   method getPhoneNumber()
  location: variable request of type com.kaatha.auth_service.dto.request.VerifyOtpRequest
[ERROR] /C:/Users/Amulya Dammoju/OneDrive/Desktop/sohan_git/auth-service/src/main/java/com/kaatha/auth_service/service/impl/AuthServiceImpl.java:[76,65] cannot find symbol
  symbol:   method getOtp()
  location: variable request of type com.kaatha.auth_service.dto.request.VerifyOtpRequest
[ERROR] /C:/Users/Amulya Dammoju/OneDrive/Desktop/sohan_git/auth-service/src/main/java/com/kaatha/auth_service/service/impl/AuthServiceImpl.java:[82,20] cannot find symbol
  symbol:   method getUserType()
  location: variable request of type com.kaatha.auth_service.dto.request.VerifyOtpRequest
[ERROR] /C:/Users/Amulya Dammoju/OneDrive/Desktop/sohan_git/auth-service/src/main/java/com/kaatha/auth_service/service/impl/AuthServiceImpl.java:[83,85] cannot find symbol
  symbol:   method getPhoneNumber()
  location: variable request of type com.kaatha.auth_service.dto.request.VerifyOtpRequest
[ERROR] /C:/Users/Amulya Dammoju/OneDrive/Desktop/sohan_git/auth-service/src/main/java/com/kaatha/auth_service/service/impl/AuthServiceImpl.java:[84,62] cannot find symbol
  symbol:   method getData()
  location: variable exists of type com.kaatha.auth_service.dto.response.ApiResponse<java.lang.Boolean>
[ERROR] /C:/Users/Amulya Dammoju/OneDrive/Desktop/sohan_git/auth-service/src/main/java/com/kaatha/auth_service/service/impl/AuthServiceImpl.java:[88,71] cannot find symbol
  symbol:   method getPhoneNumber()
  location: variable request of type com.kaatha.auth_service.dto.request.VerifyOtpRequest
[ERROR] /C:/Users/Amulya Dammoju/OneDrive/Desktop/sohan_git/auth-service/src/main/java/com/kaatha/auth_service/service/impl/AuthServiceImpl.java:[89,27] cannot find symbol
  symbol:   method getUserType()
  location: variable request of type com.kaatha.auth_service.dto.request.VerifyOtpRequest
[ERROR] /C:/Users/Amulya Dammoju/OneDrive/Desktop/sohan_git/auth-service/src/main/java/com/kaatha/auth_service/service/impl/AuthServiceImpl.java:[90,62] cannot find symbol
  symbol:   method getPhoneNumber()
  location: variable request of type com.kaatha.auth_service.dto.request.VerifyOtpRequest
[ERROR] /C:/Users/Amulya Dammoju/OneDrive/Desktop/sohan_git/auth-service/src/main/java/com/kaatha/auth_service/service/impl/AuthServiceImpl.java:[95,37] cannot find symbol
  symbol:   method getPhoneNumber()
  location: variable request of type com.kaatha.auth_service.dto.request.VerifyOtpRequest
[ERROR] /C:/Users/Amulya Dammoju/OneDrive/Desktop/sohan_git/auth-service/src/main/java/com/kaatha/auth_service/service/impl/AuthServiceImpl.java:[95,63] cannot find symbol
  symbol:   method getUserType()
  location: variable request of type com.kaatha.auth_service.dto.request.VerifyOtpRequest
[ERROR] /C:/Users/Amulya Dammoju/OneDrive/Desktop/sohan_git/auth-service/src/main/java/com/kaatha/auth_service/service/impl/AuthServiceImpl.java:[101,57] cannot find symbol
  symbol:   method getRefreshToken()
  location: variable request of type com.kaatha.auth_service.dto.request.RefreshTokenRequest
[ERROR] /C:/Users/Amulya Dammoju/OneDrive/Desktop/sohan_git/auth-service/src/main/java/com/kaatha/auth_service/service/impl/AuthServiceImpl.java:[104,19] cannot find symbol
  symbol:   method getExpiryDate()
  location: variable stored of type com.kaatha.auth_service.entity.RefreshToken
[ERROR] /C:/Users/Amulya Dammoju/OneDrive/Desktop/sohan_git/auth-service/src/main/java/com/kaatha/auth_service/service/impl/AuthServiceImpl.java:[105,19] cannot find symbol
  symbol:   method setActive(boolean)
  location: variable stored of type com.kaatha.auth_service.entity.RefreshToken
[ERROR] /C:/Users/Amulya Dammoju/OneDrive/Desktop/sohan_git/auth-service/src/main/java/com/kaatha/auth_service/service/impl/AuthServiceImpl.java:[111,80] cannot find symbol
  symbol:   method getPhoneNumber()
  location: variable stored of type com.kaatha.auth_service.entity.RefreshToken
[ERROR] /C:/Users/Amulya Dammoju/OneDrive/Desktop/sohan_git/auth-service/src/main/java/com/kaatha/auth_service/service/impl/AuthServiceImpl.java:[115,20] cannot find symbol
  symbol:   method getUserType()
  location: variable session of type com.kaatha.auth_service.entity.UserSession
[ERROR] /C:/Users/Amulya Dammoju/OneDrive/Desktop/sohan_git/auth-service/src/main/java/com/kaatha/auth_service/service/impl/AuthServiceImpl.java:[116,70] cannot find symbol
  symbol:   method getPhoneNumber()
  location: variable stored of type com.kaatha.auth_service.entity.RefreshToken
[ERROR] /C:/Users/Amulya Dammoju/OneDrive/Desktop/sohan_git/auth-service/src/main/java/com/kaatha/auth_service/service/impl/AuthServiceImpl.java:[119,36] cannot find symbol
  symbol:   method getPhoneNumber()
  location: variable stored of type com.kaatha.auth_service.entity.RefreshToken
[ERROR] /C:/Users/Amulya Dammoju/OneDrive/Desktop/sohan_git/auth-service/src/main/java/com/kaatha/auth_service/service/impl/AuthServiceImpl.java:[119,62] cannot find symbol
  symbol:   method getUserType()
  location: variable session of type com.kaatha.auth_service.entity.UserSession
[ERROR] /C:/Users/Amulya Dammoju/OneDrive/Desktop/sohan_git/auth-service/src/main/java/com/kaatha/auth_service/service/impl/AuthServiceImpl.java:[126,20] cannot find symbol
  symbol:   method setActive(boolean)
  location: variable session of type com.kaatha.auth_service.entity.UserSession
[ERROR] /C:/Users/Amulya Dammoju/OneDrive/Desktop/sohan_git/auth-service/src/main/java/com/kaatha/auth_service/service/impl/AuthServiceImpl.java:[127,20] cannot find symbol
  symbol:   method setLogoutTime(java.time.LocalDateTime)
  location: variable session of type com.kaatha.auth_service.entity.UserSession
[ERROR] /C:/Users/Amulya Dammoju/OneDrive/Desktop/sohan_git/auth-service/src/main/java/com/kaatha/auth_service/service/impl/AuthServiceImpl.java:[132,38] cannot find symbol
  symbol:   method setActive(boolean)
  location: variable token of type com.kaatha.auth_service.entity.RefreshToken
[ERROR] /C:/Users/Amulya Dammoju/OneDrive/Desktop/sohan_git/auth-service/src/main/java/com/kaatha/auth_service/service/impl/AuthServiceImpl.java:[140,43] cannot find symbol
  symbol:   method builder()
  location: class com.kaatha.auth_service.entity.UserSession
[ERROR] /C:/Users/Amulya Dammoju/OneDrive/Desktop/sohan_git/auth-service/src/main/java/com/kaatha/auth_service/service/impl/AuthServiceImpl.java:[148,49] cannot find symbol
  symbol:   method builder()
  location: class com.kaatha.auth_service.entity.RefreshToken
[ERROR] /C:/Users/Amulya Dammoju/OneDrive/Desktop/sohan_git/auth-service/src/main/java/com/kaatha/auth_service/service/impl/AuthServiceImpl.java:[155,29] cannot find symbol
  symbol:   method builder()
  location: class com.kaatha.auth_service.dto.response.LoginResponse
[INFO] 45 errors 
[INFO] -------------------------------------------------------------
[DEBUG] Adding C:\Users\Amulya Dammoju\OneDrive\Desktop\sohan_git\auth-service\target\generated-sources\annotations to the project compile source roots but NOT the actual compile source roots:
  C:\Users\Amulya Dammoju\OneDrive\Desktop\sohan_git\auth-service\src\main\java
[INFO] ------------------------------------------------------------------------
[INFO] BUILD FAILURE
[INFO] ------------------------------------------------------------------------
[INFO] Total time:  6.451 s
[INFO] Finished at: 2026-06-25T13:02:16-05:00
[INFO] ------------------------------------------------------------------------
[ERROR] Failed to execute goal org.apache.maven.plugins:maven-compiler-plugin:3.14.1:compile (default-compile) on project auth-service: Compilation failure: Compilation failure: 
[ERROR] /C:/Users/Amulya Dammoju/OneDrive/Desktop/sohan_git/auth-service/src/main/java/com/kaatha/auth_service/controller/AuthController.java:[29,28] cannot find symbol
[ERROR]   symbol:   method <java.lang.String>builder()
[ERROR]   location: class com.kaatha.auth_service.dto.response.ApiResponse
[ERROR] /C:/Users/Amulya Dammoju/OneDrive/Desktop/sohan_git/auth-service/src/main/java/com/kaatha/auth_service/controller/AuthController.java:[43,28] cannot find symbol
[ERROR]   symbol:   method <com.kaatha.auth_service.dto.response.LoginResponse>builder()
[ERROR]   location: class com.kaatha.auth_service.dto.response.ApiResponse
[ERROR] /C:/Users/Amulya Dammoju/OneDrive/Desktop/sohan_git/auth-service/src/main/java/com/kaatha/auth_service/controller/AuthController.java:[83,45] cannot find symbol
[ERROR]   symbol:   method <com.kaatha.auth_service.dto.response.LoginResponse>builder()
[ERROR]   location: class com.kaatha.auth_service.dto.response.ApiResponse
[ERROR] /C:/Users/Amulya Dammoju/OneDrive/Desktop/sohan_git/auth-service/src/main/java/com/kaatha/auth_service/controller/AuthController.java:[96,28] cannot find symbol
[ERROR]   symbol:   method <java.lang.String>builder()
[ERROR]   location: class com.kaatha.auth_service.dto.response.ApiResponse
[ERROR] /C:/Users/Amulya Dammoju/OneDrive/Desktop/sohan_git/auth-service/src/main/java/com/kaatha/auth_service/exception/GlobalExceptionHandler.java:[14,28] cannot find symbol
[ERROR]   symbol:   method <java.lang.String>builder()
[ERROR]   location: class com.kaatha.auth_service.dto.response.ApiResponse
[ERROR] /C:/Users/Amulya Dammoju/OneDrive/Desktop/sohan_git/auth-service/src/main/java/com/kaatha/auth_service/exception/GlobalExceptionHandler.java:[25,28] cannot find symbol
[ERROR]   symbol:   method <java.lang.String>builder()
[ERROR]   location: class com.kaatha.auth_service.dto.response.ApiResponse
[ERROR] /C:/Users/Amulya Dammoju/OneDrive/Desktop/sohan_git/auth-service/src/main/java/com/kaatha/auth_service/mapper/AuthMapper.java:[11,27] cannot find symbol
[ERROR]   symbol:   method builder()
[ERROR]   location: class com.kaatha.auth_service.entity.UserSession
[ERROR] /C:/Users/Amulya Dammoju/OneDrive/Desktop/sohan_git/auth-service/src/main/java/com/kaatha/auth_service/service/OtpService.java:[44,9] cannot find symbol
[ERROR]   symbol:   variable log
[ERROR]   location: class com.kaatha.auth_service.service.OtpService
[ERROR] /C:/Users/Amulya Dammoju/OneDrive/Desktop/sohan_git/auth-service/src/main/java/com/kaatha/auth_service/service/impl/AuthServiceImpl.java:[43,20] cannot find symbol
[ERROR]   symbol:   method getUserType()
[ERROR]   location: variable request of type com.kaatha.auth_service.dto.request.SendOtpRequest
[ERROR] /C:/Users/Amulya Dammoju/OneDrive/Desktop/sohan_git/auth-service/src/main/java/com/kaatha/auth_service/service/impl/AuthServiceImpl.java:[44,47] cannot find symbol
[ERROR]   symbol:   method getForRegistration()
[ERROR]   location: variable request of type com.kaatha.auth_service.dto.request.SendOtpRequest
[ERROR] /C:/Users/Amulya Dammoju/OneDrive/Desktop/sohan_git/auth-service/src/main/java/com/kaatha/auth_service/service/impl/AuthServiceImpl.java:[45,64] cannot find symbol
[ERROR]   symbol:   method getPhoneNumber()
[ERROR]   location: variable request of type com.kaatha.auth_service.dto.request.SendOtpRequest
[ERROR] /C:/Users/Amulya Dammoju/OneDrive/Desktop/sohan_git/auth-service/src/main/java/com/kaatha/auth_service/service/impl/AuthServiceImpl.java:[49,20] cannot find symbol
[ERROR]   symbol:   method getUserType()
[ERROR]   location: variable request of type com.kaatha.auth_service.dto.request.SendOtpRequest
[ERROR] /C:/Users/Amulya Dammoju/OneDrive/Desktop/sohan_git/auth-service/src/main/java/com/kaatha/auth_service/service/impl/AuthServiceImpl.java:[50,48] cannot find symbol
[ERROR]   symbol:   method getForRegistration()
[ERROR]   location: variable request of type com.kaatha.auth_service.dto.request.SendOtpRequest
[ERROR] /C:/Users/Amulya Dammoju/OneDrive/Desktop/sohan_git/auth-service/src/main/java/com/kaatha/auth_service/service/impl/AuthServiceImpl.java:[51,85] cannot find symbol
[ERROR]   symbol:   method getPhoneNumber()
[ERROR]   location: variable request of type com.kaatha.auth_service.dto.request.SendOtpRequest
[ERROR] /C:/Users/Amulya Dammoju/OneDrive/Desktop/sohan_git/auth-service/src/main/java/com/kaatha/auth_service/service/impl/AuthServiceImpl.java:[52,62] cannot find symbol
[ERROR]   symbol:   method getData()
[ERROR]   location: variable exists of type com.kaatha.auth_service.dto.response.ApiResponse<java.lang.Boolean>
[ERROR] /C:/Users/Amulya Dammoju/OneDrive/Desktop/sohan_git/auth-service/src/main/java/com/kaatha/auth_service/service/impl/AuthServiceImpl.java:[58,57] cannot find symbol
[ERROR]   symbol:   method getPhoneNumber()
[ERROR]   location: variable request of type com.kaatha.auth_service.dto.request.SendOtpRequest
[ERROR] /C:/Users/Amulya Dammoju/OneDrive/Desktop/sohan_git/auth-service/src/main/java/com/kaatha/auth_service/service/impl/AuthServiceImpl.java:[61,68] cannot find symbol
[ERROR]   symbol:   method builder()
[ERROR]   location: class com.kaatha.auth_service.dto.request.NotificationRequest
[ERROR] /C:/Users/Amulya Dammoju/OneDrive/Desktop/sohan_git/auth-service/src/main/java/com/kaatha/auth_service/service/impl/AuthServiceImpl.java:[62,44] cannot find symbol
[ERROR]   symbol:   method getPhoneNumber()
[ERROR]   location: variable request of type com.kaatha.auth_service.dto.request.SendOtpRequest
[ERROR] /C:/Users/Amulya Dammoju/OneDrive/Desktop/sohan_git/auth-service/src/main/java/com/kaatha/auth_service/service/impl/AuthServiceImpl.java:[67,13] cannot find symbol
[ERROR]   symbol:   variable log
[ERROR]   location: class com.kaatha.auth_service.service.impl.AuthServiceImpl
[ERROR] /C:/Users/Amulya Dammoju/OneDrive/Desktop/sohan_git/auth-service/src/main/java/com/kaatha/auth_service/service/impl/AuthServiceImpl.java:[68,13] cannot find symbol
[ERROR]   symbol:   variable log
[ERROR]   location: class com.kaatha.auth_service.service.impl.AuthServiceImpl
[ERROR] /C:/Users/Amulya Dammoju/OneDrive/Desktop/sohan_git/auth-service/src/main/java/com/kaatha/auth_service/service/impl/AuthServiceImpl.java:[68,52] cannot find symbol
[ERROR]   symbol:   method getPhoneNumber()
[ERROR]   location: variable request of type com.kaatha.auth_service.dto.request.SendOtpRequest
[ERROR] /C:/Users/Amulya Dammoju/OneDrive/Desktop/sohan_git/auth-service/src/main/java/com/kaatha/auth_service/service/impl/AuthServiceImpl.java:[76,39] cannot find symbol
[ERROR]   symbol:   method getPhoneNumber()
[ERROR]   location: variable request of type com.kaatha.auth_service.dto.request.VerifyOtpRequest
[ERROR] /C:/Users/Amulya Dammoju/OneDrive/Desktop/sohan_git/auth-service/src/main/java/com/kaatha/auth_service/service/impl/AuthServiceImpl.java:[76,65] cannot find symbol
[ERROR]   symbol:   method getOtp()
[ERROR]   location: variable request of type com.kaatha.auth_service.dto.request.VerifyOtpRequest
[ERROR] /C:/Users/Amulya Dammoju/OneDrive/Desktop/sohan_git/auth-service/src/main/java/com/kaatha/auth_service/service/impl/AuthServiceImpl.java:[82,20] cannot find symbol
[ERROR]   symbol:   method getUserType()
[ERROR]   location: variable request of type com.kaatha.auth_service.dto.request.VerifyOtpRequest
[ERROR] /C:/Users/Amulya Dammoju/OneDrive/Desktop/sohan_git/auth-service/src/main/java/com/kaatha/auth_service/service/impl/AuthServiceImpl.java:[83,85] cannot find symbol
[ERROR]   symbol:   method getPhoneNumber()
[ERROR]   location: variable request of type com.kaatha.auth_service.dto.request.VerifyOtpRequest
[ERROR] /C:/Users/Amulya Dammoju/OneDrive/Desktop/sohan_git/auth-service/src/main/java/com/kaatha/auth_service/service/impl/AuthServiceImpl.java:[84,62] cannot find symbol
[ERROR]   symbol:   method getData()
[ERROR]   location: variable exists of type com.kaatha.auth_service.dto.response.ApiResponse<java.lang.Boolean>
[ERROR] /C:/Users/Amulya Dammoju/OneDrive/Desktop/sohan_git/auth-service/src/main/java/com/kaatha/auth_service/service/impl/AuthServiceImpl.java:[88,71] cannot find symbol
[ERROR]   symbol:   method getPhoneNumber()
[ERROR]   location: variable request of type com.kaatha.auth_service.dto.request.VerifyOtpRequest
[ERROR] /C:/Users/Amulya Dammoju/OneDrive/Desktop/sohan_git/auth-service/src/main/java/com/kaatha/auth_service/service/impl/AuthServiceImpl.java:[89,27] cannot find symbol
[ERROR]   symbol:   method getUserType()
[ERROR]   location: variable request of type com.kaatha.auth_service.dto.request.VerifyOtpRequest
[ERROR] /C:/Users/Amulya Dammoju/OneDrive/Desktop/sohan_git/auth-service/src/main/java/com/kaatha/auth_service/service/impl/AuthServiceImpl.java:[90,62] cannot find symbol
[ERROR]   symbol:   method getPhoneNumber()
[ERROR]   location: variable request of type com.kaatha.auth_service.dto.request.VerifyOtpRequest
[ERROR] /C:/Users/Amulya Dammoju/OneDrive/Desktop/sohan_git/auth-service/src/main/java/com/kaatha/auth_service/service/impl/AuthServiceImpl.java:[95,37] cannot find symbol
[ERROR]   symbol:   method getPhoneNumber()
[ERROR]   location: variable request of type com.kaatha.auth_service.dto.request.VerifyOtpRequest
[ERROR] /C:/Users/Amulya Dammoju/OneDrive/Desktop/sohan_git/auth-service/src/main/java/com/kaatha/auth_service/service/impl/AuthServiceImpl.java:[95,63] cannot find symbol
[ERROR]   symbol:   method getUserType()
[ERROR]   location: variable request of type com.kaatha.auth_service.dto.request.VerifyOtpRequest
[ERROR] /C:/Users/Amulya Dammoju/OneDrive/Desktop/sohan_git/auth-service/src/main/java/com/kaatha/auth_service/service/impl/AuthServiceImpl.java:[101,57] cannot find symbol
[ERROR]   symbol:   method getRefreshToken()
[ERROR]   location: variable request of type com.kaatha.auth_service.dto.request.RefreshTokenRequest
[ERROR] /C:/Users/Amulya Dammoju/OneDrive/Desktop/sohan_git/auth-service/src/main/java/com/kaatha/auth_service/service/impl/AuthServiceImpl.java:[104,19] cannot find symbol
[ERROR]   symbol:   method getExpiryDate()
[ERROR]   location: variable stored of type com.kaatha.auth_service.entity.RefreshToken
[ERROR] /C:/Users/Amulya Dammoju/OneDrive/Desktop/sohan_git/auth-service/src/main/java/com/kaatha/auth_service/service/impl/AuthServiceImpl.java:[105,19] cannot find symbol
[ERROR]   symbol:   method setActive(boolean)
[ERROR]   location: variable stored of type com.kaatha.auth_service.entity.RefreshToken
[ERROR] /C:/Users/Amulya Dammoju/OneDrive/Desktop/sohan_git/auth-service/src/main/java/com/kaatha/auth_service/service/impl/AuthServiceImpl.java:[111,80] cannot find symbol
[ERROR]   symbol:   method getPhoneNumber()
[ERROR]   location: variable stored of type com.kaatha.auth_service.entity.RefreshToken
[ERROR] /C:/Users/Amulya Dammoju/OneDrive/Desktop/sohan_git/auth-service/src/main/java/com/kaatha/auth_service/service/impl/AuthServiceImpl.java:[115,20] cannot find symbol
[ERROR]   symbol:   method getUserType()
[ERROR]   location: variable session of type com.kaatha.auth_service.entity.UserSession
[ERROR] /C:/Users/Amulya Dammoju/OneDrive/Desktop/sohan_git/auth-service/src/main/java/com/kaatha/auth_service/service/impl/AuthServiceImpl.java:[116,70] cannot find symbol
[ERROR]   symbol:   method getPhoneNumber()
[ERROR]   location: variable stored of type com.kaatha.auth_service.entity.RefreshToken
[ERROR] /C:/Users/Amulya Dammoju/OneDrive/Desktop/sohan_git/auth-service/src/main/java/com/kaatha/auth_service/service/impl/AuthServiceImpl.java:[119,36] cannot find symbol
[ERROR]   symbol:   method getPhoneNumber()
[ERROR]   location: variable stored of type com.kaatha.auth_service.entity.RefreshToken
[ERROR] /C:/Users/Amulya Dammoju/OneDrive/Desktop/sohan_git/auth-service/src/main/java/com/kaatha/auth_service/service/impl/AuthServiceImpl.java:[119,62] cannot find symbol
[ERROR]   symbol:   method getUserType()
[ERROR]   location: variable session of type com.kaatha.auth_service.entity.UserSession
[ERROR] /C:/Users/Amulya Dammoju/OneDrive/Desktop/sohan_git/auth-service/src/main/java/com/kaatha/auth_service/service/impl/AuthServiceImpl.java:[126,20] cannot find symbol
[ERROR]   symbol:   method setActive(boolean)
[ERROR]   location: variable session of type com.kaatha.auth_service.entity.UserSession
[ERROR] /C:/Users/Amulya Dammoju/OneDrive/Desktop/sohan_git/auth-service/src/main/java/com/kaatha/auth_service/service/impl/AuthServiceImpl.java:[127,20] cannot find symbol
[ERROR]   symbol:   method setLogoutTime(java.time.LocalDateTime)
[ERROR]   location: variable session of type com.kaatha.auth_service.entity.UserSession
[ERROR] /C:/Users/Amulya Dammoju/OneDrive/Desktop/sohan_git/auth-service/src/main/java/com/kaatha/auth_service/service/impl/AuthServiceImpl.java:[132,38] cannot find symbol
[ERROR]   symbol:   method setActive(boolean)
[ERROR]   location: variable token of type com.kaatha.auth_service.entity.RefreshToken
[ERROR] /C:/Users/Amulya Dammoju/OneDrive/Desktop/sohan_git/auth-service/src/main/java/com/kaatha/auth_service/service/impl/AuthServiceImpl.java:[140,43] cannot find symbol
[ERROR]   symbol:   method builder()
[ERROR]   location: class com.kaatha.auth_service.entity.UserSession
[ERROR] /C:/Users/Amulya Dammoju/OneDrive/Desktop/sohan_git/auth-service/src/main/java/com/kaatha/auth_service/service/impl/AuthServiceImpl.java:[148,49] cannot find symbol
[ERROR]   symbol:   method builder()
[ERROR]   location: class com.kaatha.auth_service.entity.RefreshToken
[ERROR] /C:/Users/Amulya Dammoju/OneDrive/Desktop/sohan_git/auth-service/src/main/java/com/kaatha/auth_service/service/impl/AuthServiceImpl.java:[155,29] cannot find symbol
[ERROR]   symbol:   method builder()
[ERROR]   location: class com.kaatha.auth_service.dto.response.LoginResponse
[ERROR] -> [Help 1]
org.apache.maven.lifecycle.LifecycleExecutionException: Failed to execute goal org.apache.maven.plugins:maven-compiler-plugin:3.14.1:compile (default-compile) on project auth-service: Compilation failure
    at org.apache.maven.lifecycle.internal.MojoExecutor.doExecute2 (MojoExecutor.java:333)
    at org.apache.maven.lifecycle.internal.MojoExecutor.doExecute (MojoExecutor.java:316)
    at org.apache.maven.lifecycle.internal.MojoExecutor.execute (MojoExecutor.java:212)
    at org.apache.maven.lifecycle.internal.MojoExecutor.execute (MojoExecutor.java:174)
    at org.apache.maven.lifecycle.internal.MojoExecutor.access$000 (MojoExecutor.java:75)
    at org.apache.maven.lifecycle.internal.MojoExecutor$1.run (MojoExecutor.java:162)
    at org.apache.maven.plugin.DefaultMojosExecutionStrategy.execute (DefaultMojosExecutionStrategy.java:39)
    at org.apache.maven.lifecycle.internal.MojoExecutor.execute (MojoExecutor.java:159)
    at org.apache.maven.lifecycle.internal.LifecycleModuleBuilder.buildProject (LifecycleModuleBuilder.java:105)
    at org.apache.maven.lifecycle.internal.LifecycleModuleBuilder.buildProject (LifecycleModuleBuilder.java:73)
    at org.apache.maven.lifecycle.internal.builder.singlethreaded.SingleThreadedBuilder.build (SingleThreadedBuilder.java:53)
    at org.apache.maven.lifecycle.internal.LifecycleStarter.execute (LifecycleStarter.java:118)
    at org.apache.maven.DefaultMaven.doExecute (DefaultMaven.java:261)
    at org.apache.maven.DefaultMaven.doExecute (DefaultMaven.java:173)
    at org.apache.maven.DefaultMaven.execute (DefaultMaven.java:101)
    at org.apache.maven.cli.MavenCli.execute (MavenCli.java:919)
    at org.apache.maven.cli.MavenCli.doMain (MavenCli.java:285)
    at org.apache.maven.cli.MavenCli.main (MavenCli.java:207)
    at jdk.internal.reflect.DirectMethodHandleAccessor.invoke (DirectMethodHandleAccessor.java:104)
    at java.lang.reflect.Method.invoke (Method.java:565)
    at org.codehaus.plexus.classworlds.launcher.Launcher.launchEnhanced (Launcher.java:255)
    at org.codehaus.plexus.classworlds.launcher.Launcher.launch (Launcher.java:201)
    at org.codehaus.plexus.classworlds.launcher.Launcher.mainWithExitCode (Launcher.java:362)
    at org.codehaus.plexus.classworlds.launcher.Launcher.main (Launcher.java:314)
Caused by: org.apache.maven.plugin.compiler.CompilationFailureException: Compilation failure
    at org.apache.maven.plugin.compiler.AbstractCompilerMojo.executeReal (AbstractCompilerMojo.java:1318)
    at org.apache.maven.plugin.compiler.AbstractCompilerMojo.execute (AbstractCompilerMojo.java:708)
    at org.apache.maven.plugin.compiler.CompilerMojo.execute (CompilerMojo.java:235)
    at org.apache.maven.plugin.DefaultBuildPluginManager.executeMojo (DefaultBuildPluginManager.java:126)
    at org.apache.maven.lifecycle.internal.MojoExecutor.doExecute2 (MojoExecutor.java:328)
    at org.apache.maven.lifecycle.internal.MojoExecutor.doExecute (MojoExecutor.java:316)
    at org.apache.maven.lifecycle.internal.MojoExecutor.execute (MojoExecutor.java:212)
    at org.apache.maven.lifecycle.internal.MojoExecutor.execute (MojoExecutor.java:174)
    at org.apache.maven.lifecycle.internal.MojoExecutor.access$000 (MojoExecutor.java:75)
    at org.apache.maven.lifecycle.internal.MojoExecutor$1.run (MojoExecutor.java:162)
    at org.apache.maven.plugin.DefaultMojosExecutionStrategy.execute (DefaultMojosExecutionStrategy.java:39)
    at org.apache.maven.lifecycle.internal.MojoExecutor.execute (MojoExecutor.java:159)
    at org.apache.maven.lifecycle.internal.LifecycleModuleBuilder.buildProject (LifecycleModuleBuilder.java:105)
    at org.apache.maven.lifecycle.internal.LifecycleModuleBuilder.buildProject (LifecycleModuleBuilder.java:73)
    at org.apache.maven.lifecycle.internal.builder.singlethreaded.SingleThreadedBuilder.build (SingleThreadedBuilder.java:53)
    at org.apache.maven.lifecycle.internal.LifecycleStarter.execute (LifecycleStarter.java:118)
    at org.apache.maven.DefaultMaven.doExecute (DefaultMaven.java:261)
    at org.apache.maven.DefaultMaven.doExecute (DefaultMaven.java:173)
    at org.apache.maven.DefaultMaven.execute (DefaultMaven.java:101)
    at org.apache.maven.cli.MavenCli.execute (MavenCli.java:919)
    at org.apache.maven.cli.MavenCli.doMain (MavenCli.java:285)
    at org.apache.maven.cli.MavenCli.main (MavenCli.java:207)
    at jdk.internal.reflect.DirectMethodHandleAccessor.invoke (DirectMethodHandleAccessor.java:104)
    at java.lang.reflect.Method.invoke (Method.java:565)
    at org.codehaus.plexus.classworlds.launcher.Launcher.launchEnhanced (Launcher.java:255)
    at org.codehaus.plexus.classworlds.launcher.Launcher.launch (Launcher.java:201)
    at org.codehaus.plexus.classworlds.launcher.Launcher.mainWithExitCode (Launcher.java:362)
    at org.codehaus.plexus.classworlds.launcher.Launcher.main (Launcher.java:314)
[ERROR] 
[ERROR] 
[ERROR] For more information about the errors and possible solutions, please read the following articles:
[ERROR] [Help 1] http://cwiki.apache.org/confluence/display/MAVEN/MojoFailureException
[DEBUG] Shutting down adapter factory; available factories [file-lock, rwlock-local, semaphore-local, noop]; available name mappers [discriminating, file-gaecv, file-gav, file-hgaecv, file-hgav, file-static, gaecv, gav, static]
[DEBUG] Shutting down 'file-lock' factory
[DEBUG] Shutting down 'rwlock-local' factory
[DEBUG] Shutting down 'semaphore-local' factory
[DEBUG] Shutting down 'noop' factory
